<?xml version="1.0" encoding="utf-8"?>
<rss version="2.0" xmlns:atom="http://www.w3.org/2005/Atom" xmlns:dc="http://purl.org/dc/elements/1.1/"><channel><title>Tesla tower1 lg</title><link>http://lefft.xyz/dev/bewshe/galleries/demo/rss.xml</link><description></description><language>en</language><lastBuildDate>Wed, 05 Apr 2017 03:39:14 GMT</lastBuildDate><generator>https://getnikola.com/</generator><docs>http://blogs.law.harvard.edu/tech/rss</docs><item><title>Tesla4 lg</title><link>http://lefft.xyz/dev/bewshe/galleries/demo/tesla4_lg.jpg</link><enclosure length="30200" url="http://lefft.xyz/dev/bewshe/galleries/demo/tesla4_lg.jpg" type="image/jpeg"></enclosure><guid isPermaLink="false">galleries/demo/tesla4_lg.jpg</guid><pubDate>Wed, 01 Jan 2014 00:01:00 GMT</pubDate></item><item><title>Tesla conducts lg</title><link>http://lefft.xyz/dev/bewshe/galleries/demo/tesla_conducts_lg.jpg</link><enclosure length="19947" url="http://lefft.xyz/dev/bewshe/galleries/demo/tesla_conducts_lg.jpg" type="image/jpeg"></enclosure><guid isPermaLink="false">galleries/demo/tesla_conducts_lg.jpg</guid><pubDate>Wed, 01 Jan 2014 00:02:00 GMT</pubDate></item><item><title>Tesla lightning1 lg</title><link>http://lefft.xyz/dev/bewshe/galleries/demo/tesla_lightning1_lg.jpg</link><enclosure length="41123" url="http://lefft.xyz/dev/bewshe/galleries/demo/tesla_lightning1_lg.jpg" type="image/jpeg"></enclosure><guid isPermaLink="false">galleries/demo/tesla_lightning1_lg.jpg</guid><pubDate>Wed, 01 Jan 2014 00:03:00 GMT</pubDate></item><item><title>Tesla lightning2 lg</title><link>http://lefft.xyz/dev/bewshe/galleries/demo/tesla_lightning2_lg.jpg</link><enclosure length="36994" url="http://lefft.xyz/dev/bewshe/galleries/demo/tesla_lightning2_lg.jpg" type="image/jpeg"></enclosure><guid isPermaLink="false">galleries/demo/tesla_lightning2_lg.jpg</guid><pubDate>Wed, 01 Jan 2014 00:04:00 GMT</pubDate></item><item><title>Tesla tower1 lg</title><link>http://lefft.xyz/dev/bewshe/galleries/demo/tesla_tower1_lg.jpg</link><enclosure length="18105" url="http://lefft.xyz/dev/bewshe/galleries/demo/tesla_tower1_lg.jpg" type="image/jpeg"></enclosure><guid isPermaLink="false">galleries/demo/tesla_tower1_lg.jpg</guid><pubDate>Wed, 01 Jan 2014 00:05:00 GMT</pubDate></item></channel></rss>