{"blog": [1, "/categories/blog.html", {"posts": [{"date": "03/30/2012", "isodate": "2012-03-30T23:00:00-03:00", "title": "Welcome to Nikola", "url": "/posts/welcome-to-nikola.html"}]}], "demo": [1, "/categories/demo.html", {"posts": [{"date": "03/30/2012", "isodate": "2012-03-30T23:00:00-03:00", "title": "Welcome to Nikola", "url": "/posts/welcome-to-nikola.html"}, {"date": "03/30/2012", "isodate": "2012-03-30T23:00:00-03:00", "title": "Bootstrap Demo", "url": "/pages/bootstrap-demo.html"}]}], "nikola": [1, "/categories/nikola.html", {"posts": [{"date": "03/30/2012", "isodate": "2012-03-30T23:00:00-03:00", "title": "Welcome to Nikola", "url": "/posts/welcome-to-nikola.html"}]}], "python": [1, "/categories/python.html", {"posts": [{"date": "03/30/2012", "isodate": "2012-03-30T23:00:00-03:00", "title": "Welcome to Nikola", "url": "/posts/welcome-to-nikola.html"}]}]}