<?xml version="1.0" encoding="utf-8"?>
<?xml-stylesheet type="text/xsl" href="../assets/xml/rss.xsl" media="all"?><rss xmlns:atom="http://www.w3.org/2005/Atom" xmlns:dc="http://purl.org/dc/elements/1.1/" version="2.0"><channel><title>bewshpage (Posts about nikola)</title><link>http://lefft.xyz/dev/bewshe/</link><description></description><atom:link rel="self" type="application/rss+xml" href="http://lefft.xyz/dev/bewshe/categories/cat_nikola.xml"></atom:link><language>en</language><copyright>Contents © 2017 &lt;a href="mailto:tjleffel@gmail.com"&gt;timothy leffel&lt;/a&gt; </copyright><lastBuildDate>Wed, 05 Apr 2017 02:25:21 GMT</lastBuildDate><generator>Nikola (getnikola.com)</generator><docs>http://blogs.law.harvard.edu/tech/rss</docs><item><title>Welcome to Nikola</title><link>http://lefft.xyz/dev/bewshe/posts/welcome-to-nikola.html</link><dc:creator>Roberto Alsina</dc:creator><description>&lt;div&gt;&lt;div class="figure"&gt;
&lt;a class="reference external image-reference" href="https://farm1.staticflickr.com/138/352972944_4f9d568680_z.jpg?zz=1"&gt;&lt;img alt="Nikola Tesla Corner by nicwest, on Flickr" class="thumbnail" src="https://farm1.staticflickr.com/138/352972944_4f9d568680.jpg"&gt;&lt;/a&gt;
&lt;/div&gt;
&lt;p&gt;If you can see this in a web browser, it means you managed to install Nikola,
and build a site using it. Congratulations!&lt;/p&gt;
&lt;p&gt;Next steps:&lt;/p&gt;
&lt;ul class="simple"&gt;
&lt;li&gt;&lt;a class="reference external" href="http://lefft.xyz/dev/bewshe/pages/handbook.html"&gt;Read the manual&lt;/a&gt;&lt;/li&gt;
&lt;li&gt;&lt;a class="reference external" href="https://getnikola.com"&gt;Visit the Nikola website to learn more&lt;/a&gt;&lt;/li&gt;
&lt;li&gt;&lt;a class="reference external" href="http://lefft.xyz/dev/bewshe/galleries/demo/index.html"&gt;See a demo photo gallery&lt;/a&gt;&lt;/li&gt;
&lt;li&gt;&lt;a class="reference external" href="http://lefft.xyz/dev/bewshe/pages/listings-demo.html"&gt;See a demo listing&lt;/a&gt;&lt;/li&gt;
&lt;li&gt;&lt;a class="reference external" href="http://lefft.xyz/dev/bewshe/pages/slides-demo.html"&gt;See a demo slideshow&lt;/a&gt;&lt;/li&gt;
&lt;li&gt;&lt;a class="reference external" href="http://lefft.xyz/dev/bewshe/pages/dr-nikolas-vendetta.html"&gt;See a demo of a longer text&lt;/a&gt;&lt;/li&gt;
&lt;/ul&gt;
&lt;p&gt;Send feedback to &lt;a class="reference external" href="mailto:info@getnikola.com"&gt;info@getnikola.com&lt;/a&gt;!&lt;/p&gt;&lt;/div&gt;</description><category>blog</category><category>demo</category><category>nikola</category><category>python</category><guid>http://lefft.xyz/dev/bewshe/posts/welcome-to-nikola.html</guid><pubDate>Sat, 31 Mar 2012 02:00:00 GMT</pubDate></item></channel></rss>