"season.num","season","team","wins","win.pct","season.rank","year","diff.wins.prev","diff.pct.prev"
1,"1976-77","ATL",31,0.378048780487805,19,1977,NA,NA
2,"1977-78","ATL",41,0.5,13,1978,10,0.32258064516129
3,"1978-79","ATL",46,0.560975609756098,10,1979,5,0.121951219512195
4,"1979-80","ATL",50,0.609756097560976,6,1980,4,0.0869565217391303
5,"1980-81","ATL",31,0.378048780487805,18,1981,-19,-0.38
6,"1981-82","ATL",42,0.51219512195122,13,1982,11,0.354838709677419
7,"1982-83","ATL",43,0.524390243902439,13,1983,1,0.0238095238095238
8,"1983-84","ATL",40,0.48780487804878,13,1984,-3,-0.0697674418604652
9,"1984-85","ATL",34,0.414634146341463,17,1985,-6,-0.15
10,"1985-86","ATL",50,0.609756097560976,6,1986,16,0.470588235294118
11,"1986-87","ATL",57,0.695121951219512,3,1987,7,0.14
12,"1987-88","ATL",50,0.609756097560976,7,1988,-7,-0.12280701754386
13,"1988-89","ATL",52,0.634146341463415,5,1989,2,0.04
14,"1989-90","ATL",41,0.5,16,1990,-11,-0.211538461538462
15,"1990-91","ATL",43,0.524390243902439,13,1991,2,0.0487804878048781
16,"1991-92","ATL",38,0.463414634146341,17,1992,-5,-0.116279069767442
17,"1992-93","ATL",43,0.524390243902439,12,1993,5,0.131578947368421
18,"1993-94","ATL",57,0.695121951219512,3,1994,14,0.325581395348837
19,"1994-95","ATL",42,0.51219512195122,14,1995,-15,-0.263157894736842
20,"1995-96","ATL",46,0.560975609756098,11,1996,4,0.0952380952380953
21,"1996-97","ATL",56,0.682926829268293,7,1997,10,0.217391304347826
22,"1997-98","ATL",50,0.609756097560976,10,1998,-6,-0.107142857142857
23,"1998-99","ATL",31,0.62,7,1999,-19,0.0168
24,"1999-00","ATL",28,0.341463414634146,25,2000,-3,-0.449252557041699
25,"2000-01","ATL",25,0.304878048780488,25,2001,-3,-0.107142857142857
26,"2001-02","ATL",33,0.402439024390244,22,2002,8,0.32
27,"2002-03","ATL",35,0.426829268292683,22,2003,2,0.0606060606060605
28,"2003-04","ATL",28,0.341463414634146,25,2004,-7,-0.2
29,"2004-05","ATL",13,0.158536585365854,30,2005,-15,-0.535714285714286
30,"2005-06","ATL",26,0.317073170731707,27,2006,13,1
31,"2006-07","ATL",30,0.365853658536585,27,2007,4,0.153846153846154
32,"2007-08","ATL",37,0.451219512195122,19,2008,7,0.233333333333333
33,"2008-09","ATL",47,0.573170731707317,12,2009,10,0.27027027027027
34,"2009-10","ATL",53,0.646341463414634,6,2010,6,0.127659574468085
35,"2010-11","ATL",44,0.536585365853659,13,2011,-9,-0.169811320754717
36,"2011-12","ATL",40,0.606060606060606,8,2012,-4,0.129476584022039
37,"2012-13","ATL",44,0.536585365853659,14,2013,4,-0.114634146341463
38,"2013-14","ATL",38,0.463414634146341,18,2014,-6,-0.136363636363636
39,"2014-15","ATL",60,0.731707317073171,2,2015,22,0.578947368421053
40,"2015-16","ATL",48,0.585365853658537,7,2016,-12,-0.2
1,"1976-77","BOS",44,0.536585365853659,8,1977,NA,NA
2,"1977-78","BOS",32,0.390243902439024,17,1978,-12,-0.272727272727273
3,"1978-79","BOS",29,0.353658536585366,21,1979,-3,-0.0937500000000001
4,"1979-80","BOS",61,0.74390243902439,1,1980,32,1.10344827586207
5,"1980-81","BOS",62,0.75609756097561,1,1981,1,0.0163934426229508
6,"1981-82","BOS",63,0.768292682926829,1,1982,1,0.0161290322580645
7,"1982-83","BOS",56,0.682926829268293,3,1983,-7,-0.111111111111111
8,"1983-84","BOS",62,0.75609756097561,1,1984,6,0.107142857142857
9,"1984-85","BOS",63,0.768292682926829,1,1985,1,0.0161290322580645
10,"1985-86","BOS",67,0.817073170731707,1,1986,4,0.0634920634920634
11,"1986-87","BOS",59,0.719512195121951,2,1987,-8,-0.119402985074627
12,"1987-88","BOS",57,0.695121951219512,2,1988,-2,-0.0338983050847458
13,"1988-89","BOS",42,0.51219512195122,15,1989,-15,-0.263157894736842
14,"1989-90","BOS",52,0.634146341463415,9,1990,10,0.238095238095238
15,"1990-91","BOS",56,0.682926829268293,4,1991,4,0.076923076923077
16,"1991-92","BOS",51,0.621951219512195,7,1992,-5,-0.0892857142857144
17,"1992-93","BOS",48,0.585365853658537,9,1993,-3,-0.0588235294117648
18,"1993-94","BOS",32,0.390243902439024,19,1994,-16,-0.333333333333333
19,"1994-95","BOS",35,0.426829268292683,18,1995,3,0.0937499999999999
20,"1995-96","BOS",33,0.402439024390244,21,1996,-2,-0.0571428571428571
21,"1996-97","BOS",15,0.182926829268293,28,1997,-18,-0.545454545454546
22,"1997-98","BOS",36,0.439024390243902,20,1998,21,1.4
23,"1998-99","BOS",19,0.38,22,1999,-17,-0.134444444444444
24,"1999-00","BOS",35,0.426829268292683,19,2000,16,0.123234916559692
25,"2000-01","BOS",36,0.439024390243902,20,2001,1,0.0285714285714286
26,"2001-02","BOS",49,0.597560975609756,8,2002,13,0.361111111111111
27,"2002-03","BOS",44,0.536585365853659,13,2003,-5,-0.102040816326531
28,"2003-04","BOS",36,0.439024390243902,20,2004,-8,-0.181818181818182
29,"2004-05","BOS",45,0.548780487804878,11,2005,9,0.25
30,"2005-06","BOS",33,0.402439024390244,24,2006,-12,-0.266666666666667
31,"2006-07","BOS",24,0.292682926829268,29,2007,-9,-0.272727272727273
32,"2007-08","BOS",66,0.804878048780488,1,2008,42,1.75
33,"2008-09","BOS",62,0.75609756097561,3,2009,-4,-0.0606060606060607
34,"2009-10","BOS",50,0.609756097560976,9,2010,-12,-0.193548387096774
35,"2010-11","BOS",56,0.682926829268293,6,2011,6,0.12
36,"2011-12","BOS",39,0.590909090909091,10,2012,-17,-0.13474025974026
37,"2012-13","BOS",41,0.5,16,2013,2,-0.153846153846154
38,"2013-14","BOS",25,0.304878048780488,26,2014,-16,-0.390243902439024
39,"2014-15","BOS",40,0.48780487804878,16,2015,15,0.6
40,"2015-16","BOS",48,0.585365853658537,7,2016,8,0.2
1,"1976-77","BRK",22,0.268292682926829,22,1977,NA,NA
2,"1977-78","BRK",24,0.292682926829268,22,1978,2,0.0909090909090908
3,"1978-79","BRK",37,0.451219512195122,16,1979,13,0.541666666666667
4,"1979-80","BRK",34,0.414634146341463,17,1980,-3,-0.0810810810810812
5,"1980-81","BRK",24,0.292682926829268,21,1981,-10,-0.294117647058824
6,"1981-82","BRK",44,0.536585365853659,11,1982,20,0.833333333333334
7,"1982-83","BRK",49,0.597560975609756,7,1983,5,0.113636363636364
8,"1983-84","BRK",45,0.548780487804878,8,1984,-4,-0.0816326530612244
9,"1984-85","BRK",42,0.51219512195122,9,1985,-3,-0.0666666666666667
10,"1985-86","BRK",39,0.475609756097561,12,1986,-3,-0.0714285714285715
11,"1986-87","BRK",24,0.292682926829268,21,1987,-15,-0.384615384615385
12,"1987-88","BRK",19,0.231707317073171,22,1988,-5,-0.208333333333333
13,"1988-89","BRK",26,0.317073170731707,21,1989,7,0.368421052631579
14,"1989-90","BRK",17,0.207317073170732,27,1990,-9,-0.346153846153846
15,"1990-91","BRK",26,0.317073170731707,23,1991,9,0.529411764705882
16,"1991-92","BRK",40,0.48780487804878,15,1992,14,0.538461538461538
17,"1992-93","BRK",43,0.524390243902439,12,1993,3,0.0750000000000001
18,"1993-94","BRK",45,0.548780487804878,14,1994,2,0.0465116279069768
19,"1994-95","BRK",30,0.365853658536585,21,1995,-15,-0.333333333333333
20,"1995-96","BRK",30,0.365853658536585,22,1996,0,0
21,"1996-97","BRK",26,0.317073170731707,23,1997,-4,-0.133333333333333
22,"1997-98","BRK",43,0.524390243902439,14,1998,17,0.653846153846154
23,"1998-99","BRK",16,0.32,25,1999,-27,-0.389767441860465
24,"1999-00","BRK",31,0.378048780487805,23,2000,15,0.18140243902439
25,"2000-01","BRK",26,0.317073170731707,24,2001,-5,-0.161290322580645
26,"2001-02","BRK",52,0.634146341463415,5,2002,26,1
27,"2002-03","BRK",49,0.597560975609756,8,2003,-3,-0.0576923076923077
28,"2003-04","BRK",47,0.573170731707317,9,2004,-2,-0.0408163265306123
29,"2004-05","BRK",42,0.51219512195122,17,2005,-5,-0.106382978723404
30,"2005-06","BRK",49,0.597560975609756,7,2006,7,0.166666666666667
31,"2006-07","BRK",41,0.5,14,2007,-8,-0.163265306122449
32,"2007-08","BRK",34,0.414634146341463,21,2008,-7,-0.170731707317073
33,"2008-09","BRK",34,0.414634146341463,20,2009,0,0
34,"2009-10","BRK",12,0.146341463414634,30,2010,-22,-0.647058823529412
35,"2010-11","BRK",24,0.292682926829268,25,2011,12,1
36,"2011-12","BRK",22,0.333333333333333,25,2012,-2,0.138888888888889
37,"2012-13","BRK",49,0.597560975609756,8,2013,27,0.792682926829268
38,"2013-14","BRK",44,0.536585365853659,14,2014,-5,-0.102040816326531
39,"2014-15","BRK",38,0.463414634146341,18,2015,-6,-0.136363636363636
40,"2015-16","BRK",21,0.25609756097561,28,2016,-17,-0.447368421052632
1,"1976-77","CHI",44,0.536585365853659,8,1977,NA,NA
2,"1977-78","CHI",40,0.48780487804878,14,1978,-4,-0.090909090909091
3,"1978-79","CHI",31,0.378048780487805,17,1979,-9,-0.225
4,"1979-80","CHI",30,0.365853658536585,18,1980,-1,-0.0322580645161291
5,"1980-81","CHI",45,0.548780487804878,8,1981,15,0.5
6,"1981-82","CHI",34,0.414634146341463,17,1982,-11,-0.244444444444445
7,"1982-83","CHI",28,0.341463414634146,19,1983,-6,-0.176470588235294
8,"1983-84","CHI",27,0.329268292682927,22,1984,-1,-0.0357142857142857
9,"1984-85","CHI",38,0.463414634146341,14,1985,11,0.407407407407407
10,"1985-86","CHI",30,0.365853658536585,19,1986,-8,-0.210526315789474
11,"1986-87","CHI",40,0.48780487804878,14,1987,10,0.333333333333333
12,"1987-88","CHI",50,0.609756097560976,7,1988,10,0.25
13,"1988-89","CHI",47,0.573170731707317,9,1989,-3,-0.0600000000000001
14,"1989-90","CHI",55,0.670731707317073,5,1990,8,0.170212765957447
15,"1990-91","CHI",61,0.74390243902439,2,1991,6,0.109090909090909
16,"1991-92","CHI",67,0.817073170731707,1,1992,6,0.0983606557377049
17,"1992-93","CHI",57,0.695121951219512,3,1993,-10,-0.149253731343284
18,"1993-94","CHI",55,0.670731707317073,6,1994,-2,-0.0350877192982455
19,"1994-95","CHI",47,0.573170731707317,10,1995,-8,-0.145454545454546
20,"1995-96","CHI",72,0.878048780487805,1,1996,25,0.531914893617021
21,"1996-97","CHI",69,0.841463414634146,1,1997,-3,-0.0416666666666667
22,"1997-98","CHI",62,0.75609756097561,1,1998,-7,-0.101449275362319
23,"1998-99","CHI",13,0.26,27,1999,-49,-0.656129032258065
24,"1999-00","CHI",17,0.207317073170732,28,2000,4,-0.202626641651032
25,"2000-01","CHI",15,0.182926829268293,29,2001,-2,-0.117647058823529
26,"2001-02","CHI",21,0.25609756097561,28,2002,6,0.4
27,"2002-03","CHI",30,0.365853658536585,23,2003,9,0.428571428571428
28,"2003-04","CHI",23,0.280487804878049,28,2004,-7,-0.233333333333333
29,"2004-05","CHI",47,0.573170731707317,10,2005,24,1.04347826086956
30,"2005-06","CHI",41,0.5,14,2006,-6,-0.127659574468085
31,"2006-07","CHI",49,0.597560975609756,8,2007,8,0.195121951219512
32,"2007-08","CHI",33,0.402439024390244,22,2008,-16,-0.326530612244898
33,"2008-09","CHI",41,0.5,15,2009,8,0.242424242424242
34,"2009-10","CHI",41,0.5,17,2010,0,0
35,"2010-11","CHI",62,0.75609756097561,1,2011,21,0.51219512195122
36,"2011-12","CHI",50,0.757575757575758,1,2012,-12,0.00195503421309871
37,"2012-13","CHI",45,0.548780487804878,11,2013,-5,-0.275609756097561
38,"2013-14","CHI",48,0.585365853658537,11,2014,3,0.0666666666666665
39,"2014-15","CHI",50,0.609756097560976,9,2015,2,0.0416666666666667
40,"2015-16","CHI",42,0.51219512195122,14,2016,-8,-0.16
1,"1976-77","CHO",NA,NA,NA,1977,NA,NA
2,"1977-78","CHO",NA,NA,NA,1978,NA,NA
3,"1978-79","CHO",NA,NA,NA,1979,NA,NA
4,"1979-80","CHO",NA,NA,NA,1980,NA,NA
5,"1980-81","CHO",NA,NA,NA,1981,NA,NA
6,"1981-82","CHO",NA,NA,NA,1982,NA,NA
7,"1982-83","CHO",NA,NA,NA,1983,NA,NA
8,"1983-84","CHO",NA,NA,NA,1984,NA,NA
9,"1984-85","CHO",NA,NA,NA,1985,NA,NA
10,"1985-86","CHO",NA,NA,NA,1986,NA,NA
11,"1986-87","CHO",NA,NA,NA,1987,NA,NA
12,"1987-88","CHO",NA,NA,NA,1988,NA,NA
13,"1988-89","CHO",20,0.24390243902439,24,1989,NA,NA
14,"1989-90","CHO",19,0.231707317073171,24,1990,-1,-0.0499999999999999
15,"1990-91","CHO",26,0.317073170731707,23,1991,7,0.368421052631579
16,"1991-92","CHO",31,0.378048780487805,20,1992,5,0.192307692307692
17,"1992-93","CHO",44,0.536585365853659,11,1993,13,0.419354838709677
18,"1993-94","CHO",41,0.5,17,1994,-3,-0.0681818181818182
19,"1994-95","CHO",50,0.609756097560976,8,1995,9,0.219512195121951
20,"1995-96","CHO",41,0.5,15,1996,-9,-0.18
21,"1996-97","CHO",54,0.658536585365854,9,1997,13,0.317073170731707
22,"1997-98","CHO",51,0.621951219512195,9,1998,-3,-0.0555555555555556
23,"1998-99","CHO",26,0.52,16,1999,-25,-0.163921568627451
24,"1999-00","CHO",49,0.597560975609756,10,2000,23,0.149155722326454
25,"2000-01","CHO",46,0.560975609756098,14,2001,-3,-0.0612244897959182
26,"2001-02","CHO",44,0.536585365853659,11,2002,-2,-0.0434782608695653
27,"2002-03","CHO",NA,NA,NA,2003,NA,NA
28,"2003-04","CHO",NA,NA,NA,2004,NA,NA
29,"2004-05","CHO",18,0.219512195121951,28,2005,NA,NA
30,"2005-06","CHO",26,0.317073170731707,27,2006,8,0.444444444444444
31,"2006-07","CHO",33,0.402439024390244,21,2007,7,0.269230769230769
32,"2007-08","CHO",32,0.390243902439024,23,2008,-1,-0.0303030303030303
33,"2008-09","CHO",35,0.426829268292683,19,2009,3,0.0937499999999999
34,"2009-10","CHO",44,0.536585365853659,15,2010,9,0.257142857142857
35,"2010-11","CHO",34,0.414634146341463,22,2011,-10,-0.227272727272727
36,"2011-12","CHO",7,0.106060606060606,30,2012,-27,-0.744206773618538
37,"2012-13","CHO",21,0.25609756097561,29,2013,14,1.41463414634146
38,"2013-14","CHO",43,0.524390243902439,16,2014,22,1.04761904761905
39,"2014-15","CHO",33,0.402439024390244,22,2015,-10,-0.232558139534884
40,"2015-16","CHO",48,0.585365853658537,7,2016,15,0.454545454545454
1,"1976-77","CLE",43,0.524390243902439,12,1977,NA,NA
2,"1977-78","CLE",43,0.524390243902439,10,1978,0,0
3,"1978-79","CLE",30,0.365853658536585,19,1979,-13,-0.302325581395349
4,"1979-80","CLE",37,0.451219512195122,14,1980,7,0.233333333333333
5,"1980-81","CLE",28,0.341463414634146,19,1981,-9,-0.243243243243243
6,"1981-82","CLE",15,0.182926829268293,23,1982,-13,-0.464285714285714
7,"1982-83","CLE",23,0.280487804878049,21,1983,8,0.533333333333334
8,"1983-84","CLE",28,0.341463414634146,21,1984,5,0.217391304347826
9,"1984-85","CLE",36,0.439024390243902,15,1985,8,0.285714285714286
10,"1985-86","CLE",29,0.353658536585366,21,1986,-7,-0.194444444444445
11,"1986-87","CLE",31,0.378048780487805,18,1987,2,0.0689655172413794
12,"1987-88","CLE",42,0.51219512195122,12,1988,11,0.354838709677419
13,"1988-89","CLE",57,0.695121951219512,2,1989,15,0.357142857142857
14,"1989-90","CLE",42,0.51219512195122,14,1990,-15,-0.263157894736842
15,"1990-91","CLE",33,0.402439024390244,17,1991,-9,-0.214285714285714
16,"1991-92","CLE",57,0.695121951219512,2,1992,24,0.727272727272727
17,"1992-93","CLE",54,0.658536585365854,6,1993,-3,-0.0526315789473683
18,"1993-94","CLE",47,0.573170731707317,11,1994,-7,-0.12962962962963
19,"1994-95","CLE",43,0.524390243902439,13,1995,-4,-0.0851063829787233
20,"1995-96","CLE",47,0.573170731707317,9,1996,4,0.0930232558139534
21,"1996-97","CLE",42,0.51219512195122,14,1997,-5,-0.106382978723404
22,"1997-98","CLE",47,0.573170731707317,11,1998,5,0.119047619047619
23,"1998-99","CLE",22,0.44,20,1999,-25,-0.232340425531915
24,"1999-00","CLE",32,0.390243902439024,22,2000,10,-0.113082039911308
25,"2000-01","CLE",30,0.365853658536585,23,2001,-2,-0.0625000000000001
26,"2001-02","CLE",29,0.353658536585366,24,2002,-1,-0.0333333333333334
27,"2002-03","CLE",17,0.207317073170732,28,2003,-12,-0.413793103448276
28,"2003-04","CLE",35,0.426829268292683,21,2004,18,1.05882352941176
29,"2004-05","CLE",42,0.51219512195122,17,2005,7,0.2
30,"2005-06","CLE",50,0.609756097560976,6,2006,8,0.19047619047619
31,"2006-07","CLE",50,0.609756097560976,7,2007,0,0
32,"2007-08","CLE",45,0.548780487804878,13,2008,-5,-0.0999999999999999
33,"2008-09","CLE",66,0.804878048780488,1,2009,21,0.466666666666667
34,"2009-10","CLE",61,0.74390243902439,1,2010,-5,-0.0757575757575758
35,"2010-11","CLE",19,0.231707317073171,29,2011,-42,-0.688524590163934
36,"2011-12","CLE",21,0.318181818181818,27,2012,2,0.373205741626794
37,"2012-13","CLE",24,0.292682926829268,28,2013,3,-0.0801393728222997
38,"2013-14","CLE",33,0.402439024390244,22,2014,9,0.375
39,"2014-15","CLE",53,0.646341463414634,7,2015,20,0.606060606060606
40,"2015-16","CLE",57,0.695121951219512,3,2016,4,0.0754716981132074
1,"1976-77","DAL",NA,NA,NA,1977,NA,NA
2,"1977-78","DAL",NA,NA,NA,1978,NA,NA
3,"1978-79","DAL",NA,NA,NA,1979,NA,NA
4,"1979-80","DAL",NA,NA,NA,1980,NA,NA
5,"1980-81","DAL",15,0.182926829268293,23,1981,NA,NA
6,"1981-82","DAL",28,0.341463414634146,20,1982,13,0.866666666666667
7,"1982-83","DAL",38,0.463414634146341,15,1983,10,0.357142857142857
8,"1983-84","DAL",43,0.524390243902439,10,1984,5,0.131578947368421
9,"1984-85","DAL",44,0.536585365853659,8,1985,1,0.0232558139534884
10,"1985-86","DAL",44,0.536585365853659,9,1986,0,0
11,"1986-87","DAL",55,0.670731707317073,4,1987,11,0.25
12,"1987-88","DAL",53,0.646341463414634,5,1988,-2,-0.0363636363636364
13,"1988-89","DAL",38,0.463414634146341,18,1989,-15,-0.283018867924528
14,"1989-90","DAL",47,0.573170731707317,10,1990,9,0.236842105263158
15,"1990-91","DAL",28,0.341463414634146,22,1991,-19,-0.404255319148936
16,"1991-92","DAL",22,0.268292682926829,25,1992,-6,-0.214285714285714
17,"1992-93","DAL",11,0.134146341463415,27,1993,-11,-0.5
18,"1993-94","DAL",13,0.158536585365854,27,1994,2,0.181818181818182
19,"1994-95","DAL",36,0.439024390243902,17,1995,23,1.76923076923077
20,"1995-96","DAL",26,0.317073170731707,24,1996,-10,-0.277777777777778
21,"1996-97","DAL",24,0.292682926829268,24,1997,-2,-0.076923076923077
22,"1997-98","DAL",20,0.24390243902439,24,1998,-4,-0.166666666666667
23,"1998-99","DAL",19,0.38,22,1999,-1,0.558
24,"1999-00","DAL",40,0.48780487804878,18,2000,21,0.283697047496791
25,"2000-01","DAL",53,0.646341463414634,5,2001,13,0.325
26,"2001-02","DAL",57,0.695121951219512,4,2002,4,0.0754716981132074
27,"2002-03","DAL",60,0.731707317073171,1,2003,3,0.0526315789473685
28,"2003-04","DAL",52,0.634146341463415,7,2004,-8,-0.133333333333333
29,"2004-05","DAL",58,0.707317073170732,4,2005,6,0.115384615384615
30,"2005-06","DAL",60,0.731707317073171,3,2006,2,0.0344827586206897
31,"2006-07","DAL",67,0.817073170731707,1,2007,7,0.116666666666667
32,"2007-08","DAL",51,0.621951219512195,10,2008,-16,-0.238805970149254
33,"2008-09","DAL",50,0.609756097560976,9,2009,-1,-0.0196078431372549
34,"2009-10","DAL",55,0.670731707317073,4,2010,5,0.1
35,"2010-11","DAL",57,0.695121951219512,4,2011,2,0.0363636363636362
36,"2011-12","DAL",36,0.545454545454545,13,2012,-21,-0.215311004784689
37,"2012-13","DAL",41,0.5,16,2013,5,-0.0833333333333333
38,"2013-14","DAL",49,0.597560975609756,10,2014,8,0.195121951219512
39,"2014-15","DAL",50,0.609756097560976,9,2015,1,0.0204081632653061
40,"2015-16","DAL",42,0.51219512195122,14,2016,-8,-0.16
1,"1976-77","DEN",50,0.609756097560976,2,1977,NA,NA
2,"1977-78","DEN",48,0.585365853658537,5,1978,-2,-0.04
3,"1978-79","DEN",47,0.573170731707317,6,1979,-1,-0.0208333333333334
4,"1979-80","DEN",30,0.365853658536585,18,1980,-17,-0.361702127659574
5,"1980-81","DEN",37,0.451219512195122,15,1981,7,0.233333333333333
6,"1981-82","DEN",46,0.560975609756098,7,1982,9,0.243243243243243
7,"1982-83","DEN",45,0.548780487804878,10,1983,-1,-0.0217391304347826
8,"1983-84","DEN",38,0.463414634146341,14,1984,-7,-0.155555555555556
9,"1984-85","DEN",52,0.634146341463415,5,1985,14,0.368421052631579
10,"1985-86","DEN",47,0.573170731707317,7,1986,-5,-0.0961538461538462
11,"1986-87","DEN",37,0.451219512195122,16,1987,-10,-0.212765957446808
12,"1987-88","DEN",54,0.658536585365854,3,1988,17,0.459459459459459
13,"1988-89","DEN",44,0.536585365853659,13,1989,-10,-0.185185185185185
14,"1989-90","DEN",43,0.524390243902439,13,1990,-1,-0.0227272727272727
15,"1990-91","DEN",20,0.24390243902439,27,1991,-23,-0.534883720930233
16,"1991-92","DEN",24,0.292682926829268,24,1992,4,0.2
17,"1992-93","DEN",36,0.439024390243902,19,1993,12,0.5
18,"1993-94","DEN",42,0.51219512195122,15,1994,6,0.166666666666667
19,"1994-95","DEN",41,0.5,15,1995,-1,-0.0238095238095238
20,"1995-96","DEN",35,0.426829268292683,20,1996,-6,-0.146341463414634
21,"1996-97","DEN",21,0.25609756097561,26,1997,-14,-0.4
22,"1997-98","DEN",11,0.134146341463415,29,1998,-10,-0.476190476190476
23,"1998-99","DEN",14,0.28,26,1999,3,1.08727272727273
24,"1999-00","DEN",35,0.426829268292683,19,2000,21,0.524390243902439
25,"2000-01","DEN",40,0.48780487804878,19,2001,5,0.142857142857143
26,"2001-02","DEN",27,0.329268292682927,26,2002,-13,-0.325
27,"2002-03","DEN",17,0.207317073170732,28,2003,-10,-0.37037037037037
28,"2003-04","DEN",43,0.524390243902439,11,2004,26,1.52941176470588
29,"2004-05","DEN",49,0.597560975609756,9,2005,6,0.13953488372093
30,"2005-06","DEN",44,0.536585365853659,11,2006,-5,-0.102040816326531
31,"2006-07","DEN",45,0.548780487804878,10,2007,1,0.0227272727272727
32,"2007-08","DEN",50,0.609756097560976,11,2008,5,0.111111111111111
33,"2008-09","DEN",54,0.658536585365854,5,2009,4,0.0800000000000001
34,"2009-10","DEN",53,0.646341463414634,6,2010,-1,-0.0185185185185185
35,"2010-11","DEN",50,0.609756097560976,9,2011,-3,-0.0566037735849057
36,"2011-12","DEN",38,0.575757575757576,11,2012,-12,-0.0557575757575757
37,"2012-13","DEN",57,0.695121951219512,4,2013,19,0.207317073170732
38,"2013-14","DEN",36,0.439024390243902,20,2014,-21,-0.368421052631579
39,"2014-15","DEN",30,0.365853658536585,24,2015,-6,-0.166666666666667
40,"2015-16","DEN",33,0.402439024390244,21,2016,3,0.1
1,"1976-77","DET",44,0.536585365853659,8,1977,NA,NA
2,"1977-78","DET",38,0.463414634146341,16,1978,-6,-0.136363636363636
3,"1978-79","DET",30,0.365853658536585,19,1979,-8,-0.210526315789474
4,"1979-80","DET",16,0.195121951219512,22,1980,-14,-0.466666666666667
5,"1980-81","DET",21,0.25609756097561,22,1981,5,0.3125
6,"1981-82","DET",39,0.475609756097561,15,1982,18,0.857142857142857
7,"1982-83","DET",37,0.451219512195122,16,1983,-2,-0.0512820512820512
8,"1983-84","DET",49,0.597560975609756,5,1984,12,0.324324324324324
9,"1984-85","DET",46,0.560975609756098,7,1985,-3,-0.0612244897959182
10,"1985-86","DET",46,0.560975609756098,8,1986,0,0
11,"1986-87","DET",52,0.634146341463415,5,1987,6,0.130434782608696
12,"1987-88","DET",54,0.658536585365854,3,1988,2,0.0384615384615385
13,"1988-89","DET",63,0.768292682926829,1,1989,9,0.166666666666667
14,"1989-90","DET",59,0.719512195121951,2,1990,-4,-0.0634920634920635
15,"1990-91","DET",50,0.609756097560976,9,1991,-9,-0.152542372881356
16,"1991-92","DET",48,0.585365853658537,9,1992,-2,-0.04
17,"1992-93","DET",40,0.48780487804878,17,1993,-8,-0.166666666666667
18,"1993-94","DET",20,0.24390243902439,24,1994,-20,-0.5
19,"1994-95","DET",28,0.341463414634146,22,1995,8,0.4
20,"1995-96","DET",46,0.560975609756098,11,1996,18,0.642857142857143
21,"1996-97","DET",54,0.658536585365854,9,1997,8,0.173913043478261
22,"1997-98","DET",37,0.451219512195122,19,1998,-17,-0.314814814814815
23,"1998-99","DET",29,0.58,10,1999,-8,0.285405405405405
24,"1999-00","DET",42,0.51219512195122,15,2000,13,-0.11690496215307
25,"2000-01","DET",32,0.390243902439024,21,2001,-10,-0.238095238095238
26,"2001-02","DET",50,0.609756097560976,6,2002,18,0.5625
27,"2002-03","DET",50,0.609756097560976,5,2003,0,0
28,"2003-04","DET",54,0.658536585365854,6,2004,4,0.0800000000000001
29,"2004-05","DET",54,0.658536585365854,5,2005,0,0
30,"2005-06","DET",64,0.780487804878049,1,2006,10,0.185185185185185
31,"2006-07","DET",53,0.646341463414634,4,2007,-11,-0.171875
32,"2007-08","DET",59,0.719512195121951,2,2008,6,0.113207547169811
33,"2008-09","DET",39,0.475609756097561,17,2009,-20,-0.338983050847458
34,"2009-10","DET",27,0.329268292682927,24,2010,-12,-0.307692307692308
35,"2010-11","DET",30,0.365853658536585,24,2011,3,0.111111111111111
36,"2011-12","DET",25,0.378787878787879,22,2012,-5,0.0353535353535354
37,"2012-13","DET",29,0.353658536585366,23,2013,4,-0.0663414634146342
38,"2013-14","DET",29,0.353658536585366,23,2014,0,0
39,"2014-15","DET",32,0.390243902439024,23,2015,3,0.103448275862069
40,"2015-16","DET",44,0.536585365853659,12,2016,12,0.375
1,"1976-77","GSW",46,0.560975609756098,7,1977,NA,NA
2,"1977-78","GSW",43,0.524390243902439,10,1978,-3,-0.0652173913043479
3,"1978-79","GSW",38,0.463414634146341,13,1979,-5,-0.116279069767442
4,"1979-80","GSW",24,0.292682926829268,20,1980,-14,-0.368421052631579
5,"1980-81","GSW",39,0.475609756097561,13,1981,15,0.625
6,"1981-82","GSW",45,0.548780487804878,10,1982,6,0.153846153846154
7,"1982-83","GSW",30,0.365853658536585,17,1983,-15,-0.333333333333333
8,"1983-84","GSW",37,0.451219512195122,16,1984,7,0.233333333333333
9,"1984-85","GSW",22,0.268292682926829,22,1985,-15,-0.405405405405405
10,"1985-86","GSW",30,0.365853658536585,19,1986,8,0.363636363636364
11,"1986-87","GSW",42,0.51219512195122,10,1987,12,0.4
12,"1987-88","GSW",20,0.24390243902439,21,1988,-22,-0.523809523809524
13,"1988-89","GSW",43,0.524390243902439,14,1989,23,1.15
14,"1989-90","GSW",37,0.451219512195122,19,1990,-6,-0.13953488372093
15,"1990-91","GSW",44,0.536585365853659,11,1991,7,0.189189189189189
16,"1991-92","GSW",55,0.670731707317073,4,1992,11,0.25
17,"1992-93","GSW",34,0.414634146341463,21,1993,-21,-0.381818181818182
18,"1993-94","GSW",50,0.609756097560976,9,1994,16,0.470588235294118
19,"1994-95","GSW",26,0.317073170731707,23,1995,-24,-0.48
20,"1995-96","GSW",36,0.439024390243902,19,1996,10,0.384615384615385
21,"1996-97","GSW",30,0.365853658536585,21,1997,-6,-0.166666666666667
22,"1997-98","GSW",19,0.231707317073171,25,1998,-11,-0.366666666666667
23,"1998-99","GSW",21,0.42,21,1999,2,0.812631578947368
24,"1999-00","GSW",19,0.231707317073171,27,2000,-2,-0.448315911730546
25,"2000-01","GSW",17,0.207317073170732,28,2001,-2,-0.105263157894737
26,"2001-02","GSW",21,0.25609756097561,28,2002,4,0.235294117647059
27,"2002-03","GSW",38,0.463414634146341,19,2003,17,0.80952380952381
28,"2003-04","GSW",37,0.451219512195122,18,2004,-1,-0.0263157894736842
29,"2004-05","GSW",34,0.414634146341463,21,2005,-3,-0.0810810810810812
30,"2005-06","GSW",34,0.414634146341463,22,2006,0,0
31,"2006-07","GSW",42,0.51219512195122,12,2007,8,0.235294117647059
32,"2007-08","GSW",48,0.585365853658537,12,2008,6,0.142857142857143
33,"2008-09","GSW",29,0.353658536585366,24,2009,-19,-0.395833333333333
34,"2009-10","GSW",26,0.317073170731707,26,2010,-3,-0.103448275862069
35,"2010-11","GSW",36,0.439024390243902,20,2011,10,0.384615384615385
36,"2011-12","GSW",23,0.348484848484849,23,2012,-13,-0.206228956228956
37,"2012-13","GSW",47,0.573170731707317,10,2013,24,0.64475079533404
38,"2013-14","GSW",51,0.621951219512195,8,2014,4,0.0851063829787235
39,"2014-15","GSW",67,0.817073170731707,1,2015,16,0.313725490196078
40,"2015-16","GSW",73,0.890243902439024,1,2016,6,0.0895522388059702
1,"1976-77","HOU",49,0.597560975609756,4,1977,NA,NA
2,"1977-78","HOU",28,0.341463414634146,20,1978,-21,-0.428571428571428
3,"1978-79","HOU",47,0.573170731707317,6,1979,19,0.678571428571428
4,"1979-80","HOU",41,0.5,9,1980,-6,-0.127659574468085
5,"1980-81","HOU",40,0.48780487804878,11,1981,-1,-0.024390243902439
6,"1981-82","HOU",46,0.560975609756098,7,1982,6,0.15
7,"1982-83","HOU",14,0.170731707317073,23,1983,-32,-0.695652173913043
8,"1983-84","HOU",29,0.353658536585366,20,1984,15,1.07142857142857
9,"1984-85","HOU",48,0.585365853658537,6,1985,19,0.655172413793103
10,"1985-86","HOU",51,0.621951219512195,5,1986,3,0.0625000000000001
11,"1986-87","HOU",42,0.51219512195122,10,1987,-9,-0.176470588235294
12,"1987-88","HOU",46,0.560975609756098,10,1988,4,0.0952380952380953
13,"1988-89","HOU",45,0.548780487804878,12,1989,-1,-0.0217391304347826
14,"1989-90","HOU",41,0.5,16,1990,-4,-0.088888888888889
15,"1990-91","HOU",52,0.634146341463415,8,1991,11,0.268292682926829
16,"1991-92","HOU",42,0.51219512195122,14,1992,-10,-0.192307692307692
17,"1992-93","HOU",55,0.670731707317073,4,1993,13,0.30952380952381
18,"1993-94","HOU",58,0.707317073170732,2,1994,3,0.0545454545454544
19,"1994-95","HOU",47,0.573170731707317,10,1995,-11,-0.189655172413793
20,"1995-96","HOU",48,0.585365853658537,8,1996,1,0.0212765957446809
21,"1996-97","HOU",57,0.695121951219512,4,1997,9,0.1875
22,"1997-98","HOU",41,0.5,17,1998,-16,-0.280701754385965
23,"1998-99","HOU",31,0.62,7,1999,-10,0.24
24,"1999-00","HOU",34,0.414634146341463,21,2000,3,-0.331235247836349
25,"2000-01","HOU",45,0.548780487804878,15,2001,11,0.323529411764706
26,"2001-02","HOU",28,0.341463414634146,25,2002,-17,-0.377777777777778
27,"2002-03","HOU",43,0.524390243902439,15,2003,15,0.535714285714286
28,"2003-04","HOU",45,0.548780487804878,10,2004,2,0.0465116279069768
29,"2004-05","HOU",51,0.621951219512195,7,2005,6,0.133333333333333
30,"2005-06","HOU",34,0.414634146341463,22,2006,-17,-0.333333333333333
31,"2006-07","HOU",52,0.634146341463415,5,2007,18,0.529411764705882
32,"2007-08","HOU",55,0.670731707317073,6,2008,3,0.0576923076923077
33,"2008-09","HOU",53,0.646341463414634,8,2009,-2,-0.0363636363636364
34,"2009-10","HOU",42,0.51219512195122,16,2010,-11,-0.207547169811321
35,"2010-11","HOU",43,0.524390243902439,14,2011,1,0.0238095238095238
36,"2011-12","HOU",34,0.515151515151515,17,2012,-9,-0.0176180408738549
37,"2012-13","HOU",45,0.548780487804878,11,2013,11,0.0652797704447634
38,"2013-14","HOU",54,0.658536585365854,5,2014,9,0.2
39,"2014-15","HOU",56,0.682926829268293,3,2015,2,0.0370370370370371
40,"2015-16","HOU",41,0.5,17,2016,-15,-0.267857142857143
1,"1976-77","IND",36,0.439024390243902,16,1977,NA,NA
2,"1977-78","IND",31,0.378048780487805,18,1978,-5,-0.138888888888889
3,"1978-79","IND",38,0.463414634146341,13,1979,7,0.225806451612903
4,"1979-80","IND",37,0.451219512195122,14,1980,-1,-0.0263157894736842
5,"1980-81","IND",44,0.536585365853659,10,1981,7,0.189189189189189
6,"1981-82","IND",35,0.426829268292683,16,1982,-9,-0.204545454545455
7,"1982-83","IND",20,0.24390243902439,22,1983,-15,-0.428571428571429
8,"1983-84","IND",26,0.317073170731707,23,1984,6,0.3
9,"1984-85","IND",22,0.268292682926829,22,1985,-4,-0.153846153846154
10,"1985-86","IND",26,0.317073170731707,22,1986,4,0.181818181818182
11,"1986-87","IND",41,0.5,13,1987,15,0.576923076923077
12,"1987-88","IND",38,0.463414634146341,14,1988,-3,-0.073170731707317
13,"1988-89","IND",28,0.341463414634146,19,1989,-10,-0.263157894736842
14,"1989-90","IND",42,0.51219512195122,14,1990,14,0.5
15,"1990-91","IND",41,0.5,14,1991,-1,-0.0238095238095238
16,"1991-92","IND",40,0.48780487804878,15,1992,-1,-0.024390243902439
17,"1992-93","IND",41,0.5,14,1993,1,0.025
18,"1993-94","IND",47,0.573170731707317,11,1994,6,0.146341463414634
19,"1994-95","IND",52,0.634146341463415,7,1995,5,0.106382978723404
20,"1995-96","IND",52,0.634146341463415,7,1996,0,0
21,"1996-97","IND",39,0.475609756097561,17,1997,-13,-0.25
22,"1997-98","IND",58,0.707317073170732,5,1998,19,0.487179487179487
23,"1998-99","IND",33,0.66,4,1999,-25,-0.0668965517241378
24,"1999-00","IND",56,0.682926829268293,3,2000,23,0.0347376201034738
25,"2000-01","IND",41,0.5,18,2001,-15,-0.267857142857143
26,"2001-02","IND",42,0.51219512195122,15,2002,1,0.024390243902439
27,"2002-03","IND",48,0.585365853658537,9,2003,6,0.142857142857143
28,"2003-04","IND",61,0.74390243902439,1,2004,13,0.270833333333333
29,"2004-05","IND",44,0.536585365853659,14,2005,-17,-0.278688524590164
30,"2005-06","IND",41,0.5,14,2006,-3,-0.0681818181818182
31,"2006-07","IND",35,0.426829268292683,19,2007,-6,-0.146341463414634
32,"2007-08","IND",36,0.439024390243902,20,2008,1,0.0285714285714286
33,"2008-09","IND",36,0.439024390243902,18,2009,0,0
34,"2009-10","IND",32,0.390243902439024,21,2010,-4,-0.111111111111111
35,"2010-11","IND",37,0.451219512195122,19,2011,5,0.15625
36,"2011-12","IND",42,0.636363636363636,5,2012,5,0.41031941031941
37,"2012-13","IND",49,0.597560975609756,8,2013,7,-0.0609756097560976
38,"2013-14","IND",56,0.682926829268293,4,2014,7,0.142857142857143
39,"2014-15","IND",38,0.463414634146341,18,2015,-18,-0.321428571428571
40,"2015-16","IND",45,0.548780487804878,11,2016,7,0.18421052631579
1,"1976-77","LAC",30,0.365853658536585,20,1977,NA,NA
2,"1977-78","LAC",27,0.329268292682927,21,1978,-3,-0.0999999999999999
3,"1978-79","LAC",43,0.524390243902439,12,1979,16,0.592592592592593
4,"1979-80","LAC",35,0.426829268292683,16,1980,-8,-0.186046511627907
5,"1980-81","LAC",36,0.439024390243902,16,1981,1,0.0285714285714286
6,"1981-82","LAC",17,0.207317073170732,22,1982,-19,-0.527777777777778
7,"1982-83","LAC",25,0.304878048780488,20,1983,8,0.470588235294118
8,"1983-84","LAC",30,0.365853658536585,19,1984,5,0.2
9,"1984-85","LAC",31,0.378048780487805,18,1985,1,0.0333333333333334
10,"1985-86","LAC",32,0.390243902439024,16,1986,1,0.0322580645161291
11,"1986-87","LAC",12,0.146341463414634,23,1987,-20,-0.625
12,"1987-88","LAC",17,0.207317073170732,23,1988,5,0.416666666666667
13,"1988-89","LAC",21,0.25609756097561,22,1989,4,0.235294117647059
14,"1989-90","LAC",30,0.365853658536585,21,1990,9,0.428571428571428
15,"1990-91","LAC",31,0.378048780487805,18,1991,1,0.0333333333333334
16,"1991-92","LAC",45,0.548780487804878,12,1992,14,0.451612903225807
17,"1992-93","LAC",41,0.5,14,1993,-4,-0.088888888888889
18,"1993-94","LAC",27,0.329268292682927,21,1994,-14,-0.341463414634146
19,"1994-95","LAC",17,0.207317073170732,27,1995,-10,-0.37037037037037
20,"1995-96","LAC",29,0.353658536585366,23,1996,12,0.705882352941177
21,"1996-97","LAC",36,0.439024390243902,18,1997,7,0.241379310344828
22,"1997-98","LAC",17,0.207317073170732,27,1998,-19,-0.527777777777778
23,"1998-99","LAC",9,0.18,28,1999,-8,-0.131764705882353
24,"1999-00","LAC",15,0.182926829268293,29,2000,6,0.016260162601626
25,"2000-01","LAC",31,0.378048780487805,22,2001,16,1.06666666666667
26,"2001-02","LAC",39,0.475609756097561,18,2002,8,0.258064516129032
27,"2002-03","LAC",27,0.329268292682927,25,2003,-12,-0.307692307692308
28,"2003-04","LAC",28,0.341463414634146,25,2004,1,0.0370370370370371
29,"2004-05","LAC",37,0.451219512195122,19,2005,9,0.321428571428571
30,"2005-06","LAC",47,0.573170731707317,9,2006,10,0.27027027027027
31,"2006-07","LAC",40,0.48780487804878,16,2007,-7,-0.148936170212766
32,"2007-08","LAC",23,0.280487804878049,25,2008,-17,-0.425
33,"2008-09","LAC",19,0.231707317073171,28,2009,-4,-0.173913043478261
34,"2009-10","LAC",29,0.353658536585366,22,2010,10,0.526315789473684
35,"2010-11","LAC",32,0.390243902439024,23,2011,3,0.103448275862069
36,"2011-12","LAC",40,0.606060606060606,8,2012,8,0.553030303030303
37,"2012-13","LAC",56,0.682926829268293,5,2013,16,0.126829268292683
38,"2013-14","LAC",57,0.695121951219512,3,2014,1,0.0178571428571427
39,"2014-15","LAC",56,0.682926829268293,3,2015,-1,-0.0175438596491227
40,"2015-16","LAC",53,0.646341463414634,6,2016,-3,-0.0535714285714286
1,"1976-77","LAL",53,0.646341463414634,1,1977,NA,NA
2,"1977-78","LAL",45,0.548780487804878,7,1978,-8,-0.150943396226415
3,"1978-79","LAL",47,0.573170731707317,6,1979,2,0.0444444444444443
4,"1979-80","LAL",60,0.731707317073171,2,1980,13,0.276595744680851
5,"1980-81","LAL",54,0.658536585365854,5,1981,-6,-0.0999999999999999
6,"1981-82","LAL",57,0.695121951219512,3,1982,3,0.0555555555555554
7,"1982-83","LAL",58,0.707317073170732,2,1983,1,0.0175438596491228
8,"1983-84","LAL",54,0.658536585365854,2,1984,-4,-0.0689655172413792
9,"1984-85","LAL",62,0.75609756097561,2,1985,8,0.148148148148148
10,"1985-86","LAL",62,0.75609756097561,2,1986,0,0
11,"1986-87","LAL",65,0.792682926829268,1,1987,3,0.0483870967741936
12,"1987-88","LAL",62,0.75609756097561,1,1988,-3,-0.0461538461538462
13,"1988-89","LAL",57,0.695121951219512,2,1989,-5,-0.0806451612903226
14,"1989-90","LAL",63,0.768292682926829,1,1990,6,0.105263157894737
15,"1990-91","LAL",58,0.707317073170732,3,1991,-5,-0.0793650793650794
16,"1991-92","LAL",43,0.524390243902439,13,1992,-15,-0.258620689655172
17,"1992-93","LAL",39,0.475609756097561,18,1993,-4,-0.0930232558139536
18,"1993-94","LAL",33,0.402439024390244,18,1994,-6,-0.153846153846154
19,"1994-95","LAL",48,0.585365853658537,9,1995,15,0.454545454545454
20,"1995-96","LAL",53,0.646341463414634,6,1996,5,0.104166666666667
21,"1996-97","LAL",56,0.682926829268293,7,1997,3,0.0566037735849057
22,"1997-98","LAL",61,0.74390243902439,3,1998,5,0.0892857142857142
23,"1998-99","LAL",31,0.62,7,1999,-30,-0.16655737704918
24,"1999-00","LAL",67,0.817073170731707,1,2000,36,0.317859952793076
25,"2000-01","LAL",56,0.682926829268293,2,2001,-11,-0.164179104477612
26,"2001-02","LAL",58,0.707317073170732,2,2002,2,0.0357142857142856
27,"2002-03","LAL",50,0.609756097560976,5,2003,-8,-0.137931034482759
28,"2003-04","LAL",56,0.682926829268293,4,2004,6,0.12
29,"2004-05","LAL",34,0.414634146341463,21,2005,-22,-0.392857142857143
30,"2005-06","LAL",45,0.548780487804878,10,2006,11,0.323529411764706
31,"2006-07","LAL",42,0.51219512195122,12,2007,-3,-0.0666666666666667
32,"2007-08","LAL",57,0.695121951219512,3,2008,15,0.357142857142857
33,"2008-09","LAL",65,0.792682926829268,2,2009,8,0.140350877192983
34,"2009-10","LAL",57,0.695121951219512,3,2010,-8,-0.123076923076923
35,"2010-11","LAL",57,0.695121951219512,4,2011,0,0
36,"2011-12","LAL",41,0.621212121212121,6,2012,-16,-0.106326422115896
37,"2012-13","LAL",45,0.548780487804878,11,2013,4,-0.116597263533611
38,"2013-14","LAL",27,0.329268292682927,25,2014,-18,-0.4
39,"2014-15","LAL",21,0.25609756097561,27,2015,-6,-0.222222222222222
40,"2015-16","LAL",17,0.207317073170732,29,2016,-4,-0.190476190476191
1,"1976-77","MEM",NA,NA,NA,1977,NA,NA
2,"1977-78","MEM",NA,NA,NA,1978,NA,NA
3,"1978-79","MEM",NA,NA,NA,1979,NA,NA
4,"1979-80","MEM",NA,NA,NA,1980,NA,NA
5,"1980-81","MEM",NA,NA,NA,1981,NA,NA
6,"1981-82","MEM",NA,NA,NA,1982,NA,NA
7,"1982-83","MEM",NA,NA,NA,1983,NA,NA
8,"1983-84","MEM",NA,NA,NA,1984,NA,NA
9,"1984-85","MEM",NA,NA,NA,1985,NA,NA
10,"1985-86","MEM",NA,NA,NA,1986,NA,NA
11,"1986-87","MEM",NA,NA,NA,1987,NA,NA
12,"1987-88","MEM",NA,NA,NA,1988,NA,NA
13,"1988-89","MEM",NA,NA,NA,1989,NA,NA
14,"1989-90","MEM",NA,NA,NA,1990,NA,NA
15,"1990-91","MEM",NA,NA,NA,1991,NA,NA
16,"1991-92","MEM",NA,NA,NA,1992,NA,NA
17,"1992-93","MEM",NA,NA,NA,1993,NA,NA
18,"1993-94","MEM",NA,NA,NA,1994,NA,NA
19,"1994-95","MEM",NA,NA,NA,1995,NA,NA
20,"1995-96","MEM",15,0.182926829268293,29,1996,NA,NA
21,"1996-97","MEM",14,0.170731707317073,29,1997,-1,-0.0666666666666666
22,"1997-98","MEM",19,0.231707317073171,25,1998,5,0.357142857142857
23,"1998-99","MEM",8,0.16,29,1999,-11,-0.309473684210526
24,"1999-00","MEM",22,0.268292682926829,26,2000,14,0.676829268292683
25,"2000-01","MEM",23,0.280487804878049,26,2001,1,0.0454545454545455
26,"2001-02","MEM",23,0.280487804878049,27,2002,0,0
27,"2002-03","MEM",28,0.341463414634146,24,2003,5,0.217391304347826
28,"2003-04","MEM",50,0.609756097560976,8,2004,22,0.785714285714286
29,"2004-05","MEM",45,0.548780487804878,11,2005,-5,-0.0999999999999999
30,"2005-06","MEM",49,0.597560975609756,7,2006,4,0.0888888888888888
31,"2006-07","MEM",22,0.268292682926829,30,2007,-27,-0.551020408163265
32,"2007-08","MEM",22,0.268292682926829,27,2008,0,0
33,"2008-09","MEM",24,0.292682926829268,25,2009,2,0.0909090909090908
34,"2009-10","MEM",40,0.48780487804878,18,2010,16,0.666666666666667
35,"2010-11","MEM",46,0.560975609756098,11,2011,6,0.15
36,"2011-12","MEM",41,0.621212121212121,6,2012,-5,0.107378129117259
37,"2012-13","MEM",56,0.682926829268293,5,2013,15,0.0993456276026176
38,"2013-14","MEM",50,0.609756097560976,9,2014,-6,-0.107142857142857
39,"2014-15","MEM",55,0.670731707317073,5,2015,5,0.1
40,"2015-16","MEM",42,0.51219512195122,14,2016,-13,-0.236363636363636
1,"1976-77","MIA",NA,NA,NA,1977,NA,NA
2,"1977-78","MIA",NA,NA,NA,1978,NA,NA
3,"1978-79","MIA",NA,NA,NA,1979,NA,NA
4,"1979-80","MIA",NA,NA,NA,1980,NA,NA
5,"1980-81","MIA",NA,NA,NA,1981,NA,NA
6,"1981-82","MIA",NA,NA,NA,1982,NA,NA
7,"1982-83","MIA",NA,NA,NA,1983,NA,NA
8,"1983-84","MIA",NA,NA,NA,1984,NA,NA
9,"1984-85","MIA",NA,NA,NA,1985,NA,NA
10,"1985-86","MIA",NA,NA,NA,1986,NA,NA
11,"1986-87","MIA",NA,NA,NA,1987,NA,NA
12,"1987-88","MIA",NA,NA,NA,1988,NA,NA
13,"1988-89","MIA",15,0.182926829268293,25,1989,NA,NA
14,"1989-90","MIA",18,0.219512195121951,25,1990,3,0.2
15,"1990-91","MIA",24,0.292682926829268,26,1991,6,0.333333333333333
16,"1991-92","MIA",38,0.463414634146341,17,1992,14,0.583333333333333
17,"1992-93","MIA",36,0.439024390243902,19,1993,-2,-0.0526315789473685
18,"1993-94","MIA",42,0.51219512195122,15,1994,6,0.166666666666667
19,"1994-95","MIA",32,0.390243902439024,20,1995,-10,-0.238095238095238
20,"1995-96","MIA",42,0.51219512195122,14,1996,10,0.3125
21,"1996-97","MIA",61,0.74390243902439,3,1997,19,0.452380952380952
22,"1997-98","MIA",55,0.670731707317073,8,1998,-6,-0.0983606557377049
23,"1998-99","MIA",33,0.66,4,1999,-22,-0.016
24,"1999-00","MIA",52,0.634146341463415,7,2000,19,-0.0391722099039173
25,"2000-01","MIA",50,0.609756097560976,9,2001,-2,-0.0384615384615385
26,"2001-02","MIA",36,0.439024390243902,20,2002,-14,-0.28
27,"2002-03","MIA",25,0.304878048780488,26,2003,-11,-0.305555555555556
28,"2003-04","MIA",42,0.51219512195122,12,2004,17,0.68
29,"2004-05","MIA",59,0.719512195121951,2,2005,17,0.404761904761905
30,"2005-06","MIA",52,0.634146341463415,5,2006,-7,-0.11864406779661
31,"2006-07","MIA",44,0.536585365853659,11,2007,-8,-0.153846153846154
32,"2007-08","MIA",15,0.182926829268293,30,2008,-29,-0.659090909090909
33,"2008-09","MIA",43,0.524390243902439,14,2009,28,1.86666666666667
34,"2009-10","MIA",47,0.573170731707317,13,2010,4,0.0930232558139534
35,"2010-11","MIA",58,0.707317073170732,3,2011,11,0.234042553191489
36,"2011-12","MIA",46,0.696969696969697,4,2012,-12,-0.0146290491118076
37,"2012-13","MIA",66,0.804878048780488,1,2013,20,0.154825026511135
38,"2013-14","MIA",54,0.658536585365854,5,2014,-12,-0.181818181818182
39,"2014-15","MIA",37,0.451219512195122,21,2015,-17,-0.314814814814815
40,"2015-16","MIA",48,0.585365853658537,7,2016,11,0.297297297297297
1,"1976-77","MIL",30,0.365853658536585,20,1977,NA,NA
2,"1977-78","MIL",44,0.536585365853659,8,1978,14,0.466666666666667
3,"1978-79","MIL",38,0.463414634146341,13,1979,-6,-0.136363636363636
4,"1979-80","MIL",49,0.597560975609756,7,1980,11,0.289473684210526
5,"1980-81","MIL",60,0.731707317073171,3,1981,11,0.224489795918367
6,"1981-82","MIL",55,0.670731707317073,4,1982,-5,-0.0833333333333333
7,"1982-83","MIL",51,0.621951219512195,6,1983,-4,-0.0727272727272728
8,"1983-84","MIL",50,0.609756097560976,4,1984,-1,-0.0196078431372549
9,"1984-85","MIL",59,0.719512195121951,3,1985,9,0.18
10,"1985-86","MIL",57,0.695121951219512,3,1986,-2,-0.0338983050847458
11,"1986-87","MIL",50,0.609756097560976,6,1987,-7,-0.12280701754386
12,"1987-88","MIL",42,0.51219512195122,12,1988,-8,-0.16
13,"1988-89","MIL",49,0.597560975609756,8,1989,7,0.166666666666667
14,"1989-90","MIL",44,0.536585365853659,12,1990,-5,-0.102040816326531
15,"1990-91","MIL",48,0.585365853658537,10,1991,4,0.0909090909090908
16,"1991-92","MIL",31,0.378048780487805,20,1992,-17,-0.354166666666667
17,"1992-93","MIL",28,0.341463414634146,22,1993,-3,-0.096774193548387
18,"1993-94","MIL",20,0.24390243902439,24,1994,-8,-0.285714285714286
19,"1994-95","MIL",34,0.414634146341463,19,1995,14,0.7
20,"1995-96","MIL",25,0.304878048780488,26,1996,-9,-0.264705882352941
21,"1996-97","MIL",33,0.402439024390244,20,1997,8,0.32
22,"1997-98","MIL",36,0.439024390243902,20,1998,3,0.0909090909090908
23,"1998-99","MIL",28,0.56,11,1999,-8,0.275555555555556
24,"1999-00","MIL",42,0.51219512195122,15,2000,14,-0.0853658536585366
25,"2000-01","MIL",52,0.634146341463415,7,2001,10,0.238095238095238
26,"2001-02","MIL",41,0.5,17,2002,-11,-0.211538461538462
27,"2002-03","MIL",42,0.51219512195122,16,2003,1,0.024390243902439
28,"2003-04","MIL",41,0.5,14,2004,-1,-0.0238095238095238
29,"2004-05","MIL",30,0.365853658536585,25,2005,-11,-0.268292682926829
30,"2005-06","MIL",40,0.48780487804878,17,2006,10,0.333333333333333
31,"2006-07","MIL",28,0.341463414634146,28,2007,-12,-0.3
32,"2007-08","MIL",26,0.317073170731707,24,2008,-2,-0.0714285714285715
33,"2008-09","MIL",34,0.414634146341463,20,2009,8,0.307692307692308
34,"2009-10","MIL",46,0.560975609756098,14,2010,12,0.352941176470588
35,"2010-11","MIL",35,0.426829268292683,21,2011,-11,-0.239130434782609
36,"2011-12","MIL",31,0.46969696969697,19,2012,-4,0.100432900432901
37,"2012-13","MIL",38,0.463414634146341,18,2013,7,-0.013375295043273
38,"2013-14","MIL",15,0.182926829268293,30,2014,-23,-0.605263157894737
39,"2014-15","MIL",41,0.5,15,2015,26,1.73333333333333
40,"2015-16","MIL",33,0.402439024390244,21,2016,-8,-0.195121951219512
1,"1976-77","MIN",NA,NA,NA,1977,NA,NA
2,"1977-78","MIN",NA,NA,NA,1978,NA,NA
3,"1978-79","MIN",NA,NA,NA,1979,NA,NA
4,"1979-80","MIN",NA,NA,NA,1980,NA,NA
5,"1980-81","MIN",NA,NA,NA,1981,NA,NA
6,"1981-82","MIN",NA,NA,NA,1982,NA,NA
7,"1982-83","MIN",NA,NA,NA,1983,NA,NA
8,"1983-84","MIN",NA,NA,NA,1984,NA,NA
9,"1984-85","MIN",NA,NA,NA,1985,NA,NA
10,"1985-86","MIN",NA,NA,NA,1986,NA,NA
11,"1986-87","MIN",NA,NA,NA,1987,NA,NA
12,"1987-88","MIN",NA,NA,NA,1988,NA,NA
13,"1988-89","MIN",NA,NA,NA,1989,NA,NA
14,"1989-90","MIN",22,0.268292682926829,23,1990,NA,NA
15,"1990-91","MIN",29,0.353658536585366,21,1991,7,0.318181818181818
16,"1991-92","MIN",15,0.182926829268293,27,1992,-14,-0.482758620689655
17,"1992-93","MIN",19,0.231707317073171,26,1993,4,0.266666666666667
18,"1993-94","MIN",20,0.24390243902439,24,1994,1,0.0526315789473683
19,"1994-95","MIN",21,0.25609756097561,25,1995,1,0.05
20,"1995-96","MIN",26,0.317073170731707,24,1996,5,0.238095238095238
21,"1996-97","MIN",40,0.48780487804878,15,1997,14,0.538461538461538
22,"1997-98","MIN",45,0.548780487804878,13,1998,5,0.125
23,"1998-99","MIN",25,0.5,17,1999,-20,-0.088888888888889
24,"1999-00","MIN",50,0.609756097560976,8,2000,25,0.219512195121951
25,"2000-01","MIN",47,0.573170731707317,12,2001,-3,-0.0600000000000001
26,"2001-02","MIN",50,0.609756097560976,6,2002,3,0.0638297872340426
27,"2002-03","MIN",51,0.621951219512195,4,2003,1,0.02
28,"2003-04","MIN",58,0.707317073170732,2,2004,7,0.137254901960784
29,"2004-05","MIN",44,0.536585365853659,14,2005,-14,-0.241379310344828
30,"2005-06","MIN",33,0.402439024390244,24,2006,-11,-0.25
31,"2006-07","MIN",32,0.390243902439024,24,2007,-1,-0.0303030303030303
32,"2007-08","MIN",22,0.268292682926829,27,2008,-10,-0.3125
33,"2008-09","MIN",24,0.292682926829268,25,2009,2,0.0909090909090908
34,"2009-10","MIN",15,0.182926829268293,29,2010,-9,-0.375
35,"2010-11","MIN",17,0.207317073170732,30,2011,2,0.133333333333333
36,"2011-12","MIN",26,0.393939393939394,21,2012,9,0.90017825311943
37,"2012-13","MIN",31,0.378048780487805,22,2013,5,-0.0403377110694183
38,"2013-14","MIN",40,0.48780487804878,17,2014,9,0.290322580645161
39,"2014-15","MIN",16,0.195121951219512,30,2015,-24,-0.6
40,"2015-16","MIN",29,0.353658536585366,26,2016,13,0.8125
1,"1976-77","NOP",NA,NA,NA,1977,NA,NA
2,"1977-78","NOP",NA,NA,NA,1978,NA,NA
3,"1978-79","NOP",NA,NA,NA,1979,NA,NA
4,"1979-80","NOP",NA,NA,NA,1980,NA,NA
5,"1980-81","NOP",NA,NA,NA,1981,NA,NA
6,"1981-82","NOP",NA,NA,NA,1982,NA,NA
7,"1982-83","NOP",NA,NA,NA,1983,NA,NA
8,"1983-84","NOP",NA,NA,NA,1984,NA,NA
9,"1984-85","NOP",NA,NA,NA,1985,NA,NA
10,"1985-86","NOP",NA,NA,NA,1986,NA,NA
11,"1986-87","NOP",NA,NA,NA,1987,NA,NA
12,"1987-88","NOP",NA,NA,NA,1988,NA,NA
13,"1988-89","NOP",NA,NA,NA,1989,NA,NA
14,"1989-90","NOP",NA,NA,NA,1990,NA,NA
15,"1990-91","NOP",NA,NA,NA,1991,NA,NA
16,"1991-92","NOP",NA,NA,NA,1992,NA,NA
17,"1992-93","NOP",NA,NA,NA,1993,NA,NA
18,"1993-94","NOP",NA,NA,NA,1994,NA,NA
19,"1994-95","NOP",NA,NA,NA,1995,NA,NA
20,"1995-96","NOP",NA,NA,NA,1996,NA,NA
21,"1996-97","NOP",NA,NA,NA,1997,NA,NA
22,"1997-98","NOP",NA,NA,NA,1998,NA,NA
23,"1998-99","NOP",NA,NA,NA,1999,NA,NA
24,"1999-00","NOP",NA,NA,NA,2000,NA,NA
25,"2000-01","NOP",NA,NA,NA,2001,NA,NA
26,"2001-02","NOP",NA,NA,NA,2002,NA,NA
27,"2002-03","NOP",47,0.573170731707317,11,2003,NA,NA
28,"2003-04","NOP",41,0.5,14,2004,-6,-0.127659574468085
29,"2004-05","NOP",18,0.219512195121951,28,2005,-23,-0.560975609756098
30,"2005-06","NOP",38,0.463414634146341,18,2006,20,1.11111111111111
31,"2006-07","NOP",39,0.475609756097561,18,2007,1,0.0263157894736841
32,"2007-08","NOP",56,0.682926829268293,4,2008,17,0.435897435897436
33,"2008-09","NOP",49,0.597560975609756,10,2009,-7,-0.125
34,"2009-10","NOP",37,0.451219512195122,20,2010,-12,-0.244897959183673
35,"2010-11","NOP",46,0.560975609756098,11,2011,9,0.243243243243243
36,"2011-12","NOP",21,0.318181818181818,27,2012,-25,-0.432806324110672
37,"2012-13","NOP",27,0.329268292682927,26,2013,6,0.034843205574913
38,"2013-14","NOP",34,0.414634146341463,21,2014,7,0.259259259259259
39,"2014-15","NOP",45,0.548780487804878,13,2015,11,0.323529411764706
40,"2015-16","NOP",30,0.365853658536585,25,2016,-15,-0.333333333333333
1,"1976-77","NYK",40,0.48780487804878,13,1977,NA,NA
2,"1977-78","NYK",43,0.524390243902439,10,1978,3,0.0750000000000001
3,"1978-79","NYK",31,0.378048780487805,17,1979,-12,-0.279069767441861
4,"1979-80","NYK",39,0.475609756097561,11,1980,8,0.258064516129032
5,"1980-81","NYK",50,0.609756097560976,7,1981,11,0.282051282051282
6,"1981-82","NYK",33,0.402439024390244,18,1982,-17,-0.34
7,"1982-83","NYK",44,0.536585365853659,12,1983,11,0.333333333333333
8,"1983-84","NYK",47,0.573170731707317,7,1984,3,0.068181818181818
9,"1984-85","NYK",24,0.292682926829268,21,1985,-23,-0.48936170212766
10,"1985-86","NYK",23,0.280487804878049,23,1986,-1,-0.0416666666666665
11,"1986-87","NYK",24,0.292682926829268,21,1987,1,0.0434782608695651
12,"1987-88","NYK",38,0.463414634146341,14,1988,14,0.583333333333333
13,"1988-89","NYK",52,0.634146341463415,5,1989,14,0.368421052631579
14,"1989-90","NYK",45,0.548780487804878,11,1990,-7,-0.134615384615385
15,"1990-91","NYK",39,0.475609756097561,16,1991,-6,-0.133333333333333
16,"1991-92","NYK",51,0.621951219512195,7,1992,12,0.307692307692308
17,"1992-93","NYK",60,0.731707317073171,2,1993,9,0.176470588235294
18,"1993-94","NYK",57,0.695121951219512,3,1994,-3,-0.05
19,"1994-95","NYK",55,0.670731707317073,6,1995,-2,-0.0350877192982455
20,"1995-96","NYK",47,0.573170731707317,9,1996,-8,-0.145454545454546
21,"1996-97","NYK",57,0.695121951219512,4,1997,10,0.212765957446809
22,"1997-98","NYK",43,0.524390243902439,14,1998,-14,-0.245614035087719
23,"1998-99","NYK",27,0.54,13,1999,-16,0.0297674418604651
24,"1999-00","NYK",50,0.609756097560976,8,2000,23,0.129177958446251
25,"2000-01","NYK",48,0.585365853658537,11,2001,-2,-0.04
26,"2001-02","NYK",30,0.365853658536585,23,2002,-18,-0.375
27,"2002-03","NYK",37,0.451219512195122,20,2003,7,0.233333333333333
28,"2003-04","NYK",39,0.475609756097561,17,2004,2,0.054054054054054
29,"2004-05","NYK",33,0.402439024390244,23,2005,-6,-0.153846153846154
30,"2005-06","NYK",23,0.280487804878049,29,2006,-10,-0.303030303030303
31,"2006-07","NYK",33,0.402439024390244,21,2007,10,0.434782608695652
32,"2007-08","NYK",23,0.280487804878049,25,2008,-10,-0.303030303030303
33,"2008-09","NYK",32,0.390243902439024,23,2009,9,0.391304347826087
34,"2009-10","NYK",29,0.353658536585366,22,2010,-3,-0.0937500000000001
35,"2010-11","NYK",42,0.51219512195122,15,2011,13,0.448275862068966
36,"2011-12","NYK",36,0.545454545454545,13,2012,-6,0.0649350649350648
37,"2012-13","NYK",54,0.658536585365854,7,2013,18,0.207317073170732
38,"2013-14","NYK",37,0.451219512195122,19,2014,-17,-0.314814814814815
39,"2014-15","NYK",17,0.207317073170732,29,2015,-20,-0.540540540540541
40,"2015-16","NYK",32,0.390243902439024,24,2016,15,0.882352941176471
1,"1976-77","OKC",40,0.48780487804878,13,1977,NA,NA
2,"1977-78","OKC",47,0.573170731707317,6,1978,7,0.175
3,"1978-79","OKC",52,0.634146341463415,2,1979,5,0.106382978723404
4,"1979-80","OKC",56,0.682926829268293,4,1980,4,0.076923076923077
5,"1980-81","OKC",34,0.414634146341463,17,1981,-22,-0.392857142857143
6,"1981-82","OKC",52,0.634146341463415,5,1982,18,0.529411764705882
7,"1982-83","OKC",48,0.585365853658537,8,1983,-4,-0.076923076923077
8,"1983-84","OKC",42,0.51219512195122,11,1984,-6,-0.125
9,"1984-85","OKC",31,0.378048780487805,18,1985,-11,-0.261904761904762
10,"1985-86","OKC",31,0.378048780487805,18,1986,0,0
11,"1986-87","OKC",39,0.475609756097561,15,1987,8,0.258064516129032
12,"1987-88","OKC",44,0.536585365853659,11,1988,5,0.128205128205128
13,"1988-89","OKC",47,0.573170731707317,9,1989,3,0.068181818181818
14,"1989-90","OKC",41,0.5,16,1990,-6,-0.127659574468085
15,"1990-91","OKC",41,0.5,14,1991,0,0
16,"1991-92","OKC",47,0.573170731707317,10,1992,6,0.146341463414634
17,"1992-93","OKC",55,0.670731707317073,4,1993,8,0.170212765957447
18,"1993-94","OKC",63,0.768292682926829,1,1994,8,0.145454545454545
19,"1994-95","OKC",57,0.695121951219512,4,1995,-6,-0.0952380952380953
20,"1995-96","OKC",64,0.780487804878049,2,1996,7,0.12280701754386
21,"1996-97","OKC",57,0.695121951219512,4,1997,-7,-0.109375
22,"1997-98","OKC",61,0.74390243902439,3,1998,4,0.0701754385964913
23,"1998-99","OKC",25,0.5,17,1999,-36,-0.327868852459016
24,"1999-00","OKC",45,0.548780487804878,12,2000,20,0.0975609756097562
25,"2000-01","OKC",44,0.536585365853659,16,2001,-1,-0.0222222222222222
26,"2001-02","OKC",45,0.548780487804878,10,2002,1,0.0227272727272727
27,"2002-03","OKC",40,0.48780487804878,18,2003,-5,-0.111111111111111
28,"2003-04","OKC",37,0.451219512195122,18,2004,-3,-0.075
29,"2004-05","OKC",52,0.634146341463415,6,2005,15,0.405405405405405
30,"2005-06","OKC",35,0.426829268292683,21,2006,-17,-0.326923076923077
31,"2006-07","OKC",31,0.378048780487805,26,2007,-4,-0.114285714285714
32,"2007-08","OKC",20,0.24390243902439,29,2008,-11,-0.354838709677419
33,"2008-09","OKC",23,0.280487804878049,27,2009,3,0.15
34,"2009-10","OKC",50,0.609756097560976,9,2010,27,1.17391304347826
35,"2010-11","OKC",55,0.670731707317073,7,2011,5,0.1
36,"2011-12","OKC",47,0.712121212121212,3,2012,-8,0.0617079889807162
37,"2012-13","OKC",60,0.731707317073171,2,2013,13,0.0275038920601971
38,"2013-14","OKC",59,0.719512195121951,2,2014,-1,-0.0166666666666667
39,"2014-15","OKC",45,0.548780487804878,13,2015,-14,-0.23728813559322
40,"2015-16","OKC",55,0.670731707317073,5,2016,10,0.222222222222222
1,"1976-77","ORL",NA,NA,NA,1977,NA,NA
2,"1977-78","ORL",NA,NA,NA,1978,NA,NA
3,"1978-79","ORL",NA,NA,NA,1979,NA,NA
4,"1979-80","ORL",NA,NA,NA,1980,NA,NA
5,"1980-81","ORL",NA,NA,NA,1981,NA,NA
6,"1981-82","ORL",NA,NA,NA,1982,NA,NA
7,"1982-83","ORL",NA,NA,NA,1983,NA,NA
8,"1983-84","ORL",NA,NA,NA,1984,NA,NA
9,"1984-85","ORL",NA,NA,NA,1985,NA,NA
10,"1985-86","ORL",NA,NA,NA,1986,NA,NA
11,"1986-87","ORL",NA,NA,NA,1987,NA,NA
12,"1987-88","ORL",NA,NA,NA,1988,NA,NA
13,"1988-89","ORL",NA,NA,NA,1989,NA,NA
14,"1989-90","ORL",18,0.219512195121951,25,1990,NA,NA
15,"1990-91","ORL",31,0.378048780487805,18,1991,13,0.722222222222222
16,"1991-92","ORL",21,0.25609756097561,26,1992,-10,-0.32258064516129
17,"1992-93","ORL",41,0.5,14,1993,20,0.952380952380952
18,"1993-94","ORL",50,0.609756097560976,9,1994,9,0.219512195121951
19,"1994-95","ORL",57,0.695121951219512,4,1995,7,0.14
20,"1995-96","ORL",60,0.731707317073171,3,1996,3,0.0526315789473685
21,"1996-97","ORL",45,0.548780487804878,12,1997,-15,-0.25
22,"1997-98","ORL",41,0.5,17,1998,-4,-0.088888888888889
23,"1998-99","ORL",33,0.66,4,1999,-8,0.32
24,"1999-00","ORL",41,0.5,17,2000,8,-0.242424242424242
25,"2000-01","ORL",43,0.524390243902439,17,2001,2,0.0487804878048781
26,"2001-02","ORL",44,0.536585365853659,11,2002,1,0.0232558139534884
27,"2002-03","ORL",42,0.51219512195122,16,2003,-2,-0.0454545454545455
28,"2003-04","ORL",21,0.25609756097561,29,2004,-21,-0.5
29,"2004-05","ORL",36,0.439024390243902,20,2005,15,0.714285714285714
30,"2005-06","ORL",36,0.439024390243902,20,2006,0,0
31,"2006-07","ORL",40,0.48780487804878,16,2007,4,0.111111111111111
32,"2007-08","ORL",52,0.634146341463415,9,2008,12,0.3
33,"2008-09","ORL",59,0.719512195121951,4,2009,7,0.134615384615385
34,"2009-10","ORL",59,0.719512195121951,2,2010,0,0
35,"2010-11","ORL",52,0.634146341463415,8,2011,-7,-0.11864406779661
36,"2011-12","ORL",37,0.560606060606061,12,2012,-15,-0.115967365967366
37,"2012-13","ORL",20,0.24390243902439,30,2013,-17,-0.56493078444298
38,"2013-14","ORL",23,0.280487804878049,28,2014,3,0.15
39,"2014-15","ORL",25,0.304878048780488,26,2015,2,0.0869565217391303
40,"2015-16","ORL",35,0.426829268292683,20,2016,10,0.4
1,"1976-77","PHI",50,0.609756097560976,2,1977,NA,NA
2,"1977-78","PHI",55,0.670731707317073,2,1978,5,0.1
3,"1978-79","PHI",47,0.573170731707317,6,1979,-8,-0.145454545454546
4,"1979-80","PHI",59,0.719512195121951,3,1980,12,0.25531914893617
5,"1980-81","PHI",62,0.75609756097561,1,1981,3,0.0508474576271187
6,"1981-82","PHI",58,0.707317073170732,2,1982,-4,-0.0645161290322581
7,"1982-83","PHI",65,0.792682926829268,1,1983,7,0.120689655172414
8,"1983-84","PHI",52,0.634146341463415,3,1984,-13,-0.2
9,"1984-85","PHI",58,0.707317073170732,4,1985,6,0.115384615384615
10,"1985-86","PHI",54,0.658536585365854,4,1986,-4,-0.0689655172413792
11,"1986-87","PHI",45,0.548780487804878,8,1987,-9,-0.166666666666667
12,"1987-88","PHI",36,0.439024390243902,17,1988,-9,-0.2
13,"1988-89","PHI",46,0.560975609756098,11,1989,10,0.277777777777778
14,"1989-90","PHI",53,0.646341463414634,8,1990,7,0.152173913043478
15,"1990-91","PHI",44,0.536585365853659,11,1991,-9,-0.169811320754717
16,"1991-92","PHI",35,0.426829268292683,19,1992,-9,-0.204545454545455
17,"1992-93","PHI",26,0.317073170731707,23,1993,-9,-0.257142857142857
18,"1993-94","PHI",25,0.304878048780488,22,1994,-1,-0.0384615384615385
19,"1994-95","PHI",24,0.292682926829268,24,1995,-1,-0.04
20,"1995-96","PHI",18,0.219512195121951,28,1996,-6,-0.25
21,"1996-97","PHI",22,0.268292682926829,25,1997,4,0.222222222222222
22,"1997-98","PHI",31,0.378048780487805,22,1998,9,0.409090909090909
23,"1998-99","PHI",28,0.56,11,1999,-3,0.481290322580645
24,"1999-00","PHI",49,0.597560975609756,10,2000,21,0.0670731707317072
25,"2000-01","PHI",56,0.682926829268293,2,2001,7,0.142857142857143
26,"2001-02","PHI",43,0.524390243902439,14,2002,-13,-0.232142857142857
27,"2002-03","PHI",48,0.585365853658537,9,2003,5,0.116279069767442
28,"2003-04","PHI",33,0.402439024390244,22,2004,-15,-0.3125
29,"2004-05","PHI",43,0.524390243902439,16,2005,10,0.303030303030303
30,"2005-06","PHI",38,0.463414634146341,18,2006,-5,-0.116279069767442
31,"2006-07","PHI",35,0.426829268292683,19,2007,-3,-0.0789473684210527
32,"2007-08","PHI",40,0.48780487804878,17,2008,5,0.142857142857143
33,"2008-09","PHI",41,0.5,15,2009,1,0.025
34,"2009-10","PHI",27,0.329268292682927,24,2010,-14,-0.341463414634146
35,"2010-11","PHI",41,0.5,16,2011,14,0.518518518518518
36,"2011-12","PHI",35,0.53030303030303,16,2012,-6,0.0606060606060606
37,"2012-13","PHI",34,0.414634146341463,19,2013,-1,-0.218118466898955
38,"2013-14","PHI",19,0.231707317073171,29,2014,-15,-0.441176470588235
39,"2014-15","PHI",18,0.219512195121951,28,2015,-1,-0.0526315789473685
40,"2015-16","PHI",10,0.121951219512195,30,2016,-8,-0.444444444444444
1,"1976-77","PHO",34,0.414634146341463,18,1977,NA,NA
2,"1977-78","PHO",49,0.597560975609756,4,1978,15,0.441176470588235
3,"1978-79","PHO",50,0.609756097560976,3,1979,1,0.0204081632653061
4,"1979-80","PHO",55,0.670731707317073,5,1980,5,0.1
5,"1980-81","PHO",57,0.695121951219512,4,1981,2,0.0363636363636362
6,"1981-82","PHO",46,0.560975609756098,7,1982,-11,-0.192982456140351
7,"1982-83","PHO",53,0.646341463414634,4,1983,7,0.152173913043478
8,"1983-84","PHO",41,0.5,12,1984,-12,-0.226415094339623
9,"1984-85","PHO",36,0.439024390243902,15,1985,-5,-0.121951219512195
10,"1985-86","PHO",32,0.390243902439024,16,1986,-4,-0.111111111111111
11,"1986-87","PHO",36,0.439024390243902,17,1987,4,0.125
12,"1987-88","PHO",28,0.341463414634146,19,1988,-8,-0.222222222222222
13,"1988-89","PHO",55,0.670731707317073,4,1989,27,0.964285714285714
14,"1989-90","PHO",54,0.658536585365854,7,1990,-1,-0.0181818181818182
15,"1990-91","PHO",55,0.670731707317073,5,1991,1,0.0185185185185185
16,"1991-92","PHO",53,0.646341463414634,6,1992,-2,-0.0363636363636364
17,"1992-93","PHO",62,0.75609756097561,1,1993,9,0.169811320754717
18,"1993-94","PHO",56,0.682926829268293,5,1994,-6,-0.096774193548387
19,"1994-95","PHO",59,0.719512195121951,3,1995,3,0.0535714285714285
20,"1995-96","PHO",41,0.5,15,1996,-18,-0.305084745762712
21,"1996-97","PHO",40,0.48780487804878,15,1997,-1,-0.024390243902439
22,"1997-98","PHO",56,0.682926829268293,6,1998,16,0.4
23,"1998-99","PHO",27,0.54,13,1999,-29,-0.209285714285714
24,"1999-00","PHO",53,0.646341463414634,5,2000,26,0.196928635953026
25,"2000-01","PHO",51,0.621951219512195,8,2001,-2,-0.0377358490566038
26,"2001-02","PHO",36,0.439024390243902,20,2002,-15,-0.294117647058824
27,"2002-03","PHO",44,0.536585365853659,13,2003,8,0.222222222222222
28,"2003-04","PHO",29,0.353658536585366,24,2004,-15,-0.340909090909091
29,"2004-05","PHO",62,0.75609756097561,1,2005,33,1.13793103448276
30,"2005-06","PHO",54,0.658536585365854,4,2006,-8,-0.129032258064516
31,"2006-07","PHO",61,0.74390243902439,2,2007,7,0.12962962962963
32,"2007-08","PHO",55,0.670731707317073,6,2008,-6,-0.0983606557377049
33,"2008-09","PHO",46,0.560975609756098,13,2009,-9,-0.163636363636364
34,"2009-10","PHO",54,0.658536585365854,5,2010,8,0.173913043478261
35,"2010-11","PHO",40,0.48780487804878,17,2011,-14,-0.259259259259259
36,"2011-12","PHO",33,0.5,18,2012,-7,0.025
37,"2012-13","PHO",25,0.304878048780488,27,2013,-8,-0.390243902439024
38,"2013-14","PHO",48,0.585365853658537,11,2014,23,0.92
39,"2014-15","PHO",39,0.475609756097561,17,2015,-9,-0.1875
40,"2015-16","PHO",23,0.280487804878049,27,2016,-16,-0.41025641025641
1,"1976-77","POR",49,0.597560975609756,4,1977,NA,NA
2,"1977-78","POR",58,0.707317073170732,1,1978,9,0.183673469387755
3,"1978-79","POR",45,0.548780487804878,11,1979,-13,-0.224137931034483
4,"1979-80","POR",38,0.463414634146341,13,1980,-7,-0.155555555555556
5,"1980-81","POR",45,0.548780487804878,8,1981,7,0.18421052631579
6,"1981-82","POR",42,0.51219512195122,13,1982,-3,-0.0666666666666667
7,"1982-83","POR",46,0.560975609756098,9,1983,4,0.0952380952380953
8,"1983-84","POR",48,0.585365853658537,6,1984,2,0.0434782608695651
9,"1984-85","POR",42,0.51219512195122,9,1985,-6,-0.125
10,"1985-86","POR",40,0.48780487804878,11,1986,-2,-0.0476190476190477
11,"1986-87","POR",49,0.597560975609756,7,1987,9,0.225
12,"1987-88","POR",53,0.646341463414634,5,1988,4,0.0816326530612246
13,"1988-89","POR",39,0.475609756097561,17,1989,-14,-0.264150943396226
14,"1989-90","POR",59,0.719512195121951,2,1990,20,0.512820512820513
15,"1990-91","POR",63,0.768292682926829,1,1991,4,0.0677966101694916
16,"1991-92","POR",57,0.695121951219512,2,1992,-6,-0.0952380952380953
17,"1992-93","POR",51,0.621951219512195,7,1993,-6,-0.105263157894737
18,"1993-94","POR",47,0.573170731707317,11,1994,-4,-0.0784313725490197
19,"1994-95","POR",44,0.536585365853659,12,1995,-3,-0.0638297872340424
20,"1995-96","POR",44,0.536585365853659,13,1996,0,0
21,"1996-97","POR",49,0.597560975609756,11,1997,5,0.113636363636364
22,"1997-98","POR",46,0.560975609756098,12,1998,-3,-0.0612244897959182
23,"1998-99","POR",35,0.7,3,1999,-11,0.247826086956522
24,"1999-00","POR",59,0.719512195121951,2,2000,24,0.0278745644599303
25,"2000-01","POR",50,0.609756097560976,9,2001,-9,-0.152542372881356
26,"2001-02","POR",49,0.597560975609756,8,2002,-1,-0.02
27,"2002-03","POR",50,0.609756097560976,5,2003,1,0.0204081632653061
28,"2003-04","POR",41,0.5,14,2004,-9,-0.18
29,"2004-05","POR",27,0.329268292682927,26,2005,-14,-0.341463414634146
30,"2005-06","POR",21,0.25609756097561,30,2006,-6,-0.222222222222222
31,"2006-07","POR",32,0.390243902439024,24,2007,11,0.523809523809524
32,"2007-08","POR",41,0.5,15,2008,9,0.28125
33,"2008-09","POR",54,0.658536585365854,5,2009,13,0.317073170731707
34,"2009-10","POR",50,0.609756097560976,9,2010,-4,-0.0740740740740741
35,"2010-11","POR",48,0.585365853658537,10,2011,-2,-0.04
36,"2011-12","POR",28,0.424242424242424,20,2012,-20,-0.275252525252525
37,"2012-13","POR",33,0.402439024390244,21,2013,5,-0.0513937282229965
38,"2013-14","POR",54,0.658536585365854,5,2014,21,0.636363636363636
39,"2014-15","POR",51,0.621951219512195,8,2015,-3,-0.0555555555555556
40,"2015-16","POR",44,0.536585365853659,12,2016,-7,-0.137254901960784
1,"1976-77","SAC",40,0.48780487804878,13,1977,NA,NA
2,"1977-78","SAC",31,0.378048780487805,18,1978,-9,-0.225
3,"1978-79","SAC",48,0.585365853658537,4,1979,17,0.548387096774193
4,"1979-80","SAC",47,0.573170731707317,8,1980,-1,-0.0208333333333334
5,"1980-81","SAC",40,0.48780487804878,11,1981,-7,-0.148936170212766
6,"1981-82","SAC",30,0.365853658536585,19,1982,-10,-0.25
7,"1982-83","SAC",45,0.548780487804878,10,1983,15,0.5
8,"1983-84","SAC",38,0.463414634146341,14,1984,-7,-0.155555555555556
9,"1984-85","SAC",31,0.378048780487805,18,1985,-7,-0.18421052631579
10,"1985-86","SAC",37,0.451219512195122,14,1986,6,0.193548387096774
11,"1986-87","SAC",29,0.353658536585366,19,1987,-8,-0.216216216216216
12,"1987-88","SAC",24,0.292682926829268,20,1988,-5,-0.172413793103448
13,"1988-89","SAC",27,0.329268292682927,20,1989,3,0.125
14,"1989-90","SAC",23,0.280487804878049,22,1990,-4,-0.148148148148148
15,"1990-91","SAC",25,0.304878048780488,25,1991,2,0.0869565217391303
16,"1991-92","SAC",29,0.353658536585366,22,1992,4,0.16
17,"1992-93","SAC",25,0.304878048780488,24,1993,-4,-0.137931034482759
18,"1993-94","SAC",28,0.341463414634146,20,1994,3,0.12
19,"1994-95","SAC",39,0.475609756097561,16,1995,11,0.392857142857143
20,"1995-96","SAC",39,0.475609756097561,17,1996,0,0
21,"1996-97","SAC",34,0.414634146341463,19,1997,-5,-0.128205128205128
22,"1997-98","SAC",27,0.329268292682927,23,1998,-7,-0.205882352941176
23,"1998-99","SAC",27,0.54,13,1999,0,0.64
24,"1999-00","SAC",44,0.536585365853659,14,2000,17,-0.00632339656729901
25,"2000-01","SAC",55,0.670731707317073,4,2001,11,0.25
26,"2001-02","SAC",61,0.74390243902439,1,2002,6,0.109090909090909
27,"2002-03","SAC",59,0.719512195121951,3,2003,-2,-0.0327868852459017
28,"2003-04","SAC",55,0.670731707317073,5,2004,-4,-0.0677966101694914
29,"2004-05","SAC",50,0.609756097560976,8,2005,-5,-0.090909090909091
30,"2005-06","SAC",44,0.536585365853659,11,2006,-6,-0.12
31,"2006-07","SAC",33,0.402439024390244,21,2007,-11,-0.25
32,"2007-08","SAC",38,0.463414634146341,18,2008,5,0.151515151515151
33,"2008-09","SAC",17,0.207317073170732,30,2009,-21,-0.552631578947368
34,"2009-10","SAC",25,0.304878048780488,28,2010,8,0.470588235294118
35,"2010-11","SAC",24,0.292682926829268,25,2011,-1,-0.04
36,"2011-12","SAC",22,0.333333333333333,25,2012,-2,0.138888888888889
37,"2012-13","SAC",28,0.341463414634146,25,2013,6,0.0243902439024392
38,"2013-14","SAC",28,0.341463414634146,24,2014,0,0
39,"2014-15","SAC",29,0.353658536585366,25,2015,1,0.0357142857142856
40,"2015-16","SAC",33,0.402439024390244,21,2016,4,0.137931034482759
1,"1976-77","SAS",44,0.536585365853659,8,1977,NA,NA
2,"1977-78","SAS",52,0.634146341463415,3,1978,8,0.181818181818182
3,"1978-79","SAS",48,0.585365853658537,4,1979,-4,-0.076923076923077
4,"1979-80","SAS",41,0.5,9,1980,-7,-0.145833333333333
5,"1980-81","SAS",52,0.634146341463415,6,1981,11,0.268292682926829
6,"1981-82","SAS",48,0.585365853658537,6,1982,-4,-0.076923076923077
7,"1982-83","SAS",53,0.646341463414634,4,1983,5,0.104166666666667
8,"1983-84","SAS",37,0.451219512195122,16,1984,-16,-0.30188679245283
9,"1984-85","SAS",41,0.5,11,1985,4,0.108108108108108
10,"1985-86","SAS",35,0.426829268292683,15,1986,-6,-0.146341463414634
11,"1986-87","SAS",28,0.341463414634146,20,1987,-7,-0.2
12,"1987-88","SAS",31,0.378048780487805,18,1988,3,0.107142857142857
13,"1988-89","SAS",21,0.25609756097561,22,1989,-10,-0.32258064516129
14,"1989-90","SAS",56,0.682926829268293,4,1990,35,1.66666666666667
15,"1990-91","SAS",55,0.670731707317073,5,1991,-1,-0.0178571428571429
16,"1991-92","SAS",47,0.573170731707317,10,1992,-8,-0.145454545454546
17,"1992-93","SAS",49,0.597560975609756,8,1993,2,0.0425531914893617
18,"1993-94","SAS",55,0.670731707317073,6,1994,6,0.122448979591837
19,"1994-95","SAS",62,0.75609756097561,1,1995,7,0.127272727272727
20,"1995-96","SAS",59,0.719512195121951,4,1996,-3,-0.0483870967741936
21,"1996-97","SAS",20,0.24390243902439,27,1997,-39,-0.661016949152542
22,"1997-98","SAS",56,0.682926829268293,6,1998,36,1.8
23,"1998-99","SAS",37,0.74,1,1999,-19,0.0835714285714285
24,"1999-00","SAS",53,0.646341463414634,5,2000,16,-0.126565589980224
25,"2000-01","SAS",58,0.707317073170732,1,2001,5,0.0943396226415093
26,"2001-02","SAS",58,0.707317073170732,2,2002,0,0
27,"2002-03","SAS",60,0.731707317073171,1,2003,2,0.0344827586206897
28,"2003-04","SAS",57,0.695121951219512,3,2004,-3,-0.05
29,"2004-05","SAS",59,0.719512195121951,2,2005,2,0.0350877192982456
30,"2005-06","SAS",63,0.768292682926829,2,2006,4,0.0677966101694916
31,"2006-07","SAS",58,0.707317073170732,3,2007,-5,-0.0793650793650794
32,"2007-08","SAS",56,0.682926829268293,4,2008,-2,-0.0344827586206895
33,"2008-09","SAS",54,0.658536585365854,5,2009,-2,-0.0357142857142857
34,"2009-10","SAS",50,0.609756097560976,9,2010,-4,-0.0740740740740741
35,"2010-11","SAS",61,0.74390243902439,2,2011,11,0.22
36,"2011-12","SAS",50,0.757575757575758,1,2012,-11,0.0183805265772479
37,"2012-13","SAS",58,0.707317073170732,3,2013,8,-0.0663414634146342
38,"2013-14","SAS",62,0.75609756097561,1,2014,4,0.0689655172413794
39,"2014-15","SAS",55,0.670731707317073,5,2015,-7,-0.112903225806452
40,"2015-16","SAS",67,0.817073170731707,2,2016,12,0.218181818181818
1,"1976-77","TOR",NA,NA,NA,1977,NA,NA
2,"1977-78","TOR",NA,NA,NA,1978,NA,NA
3,"1978-79","TOR",NA,NA,NA,1979,NA,NA
4,"1979-80","TOR",NA,NA,NA,1980,NA,NA
5,"1980-81","TOR",NA,NA,NA,1981,NA,NA
6,"1981-82","TOR",NA,NA,NA,1982,NA,NA
7,"1982-83","TOR",NA,NA,NA,1983,NA,NA
8,"1983-84","TOR",NA,NA,NA,1984,NA,NA
9,"1984-85","TOR",NA,NA,NA,1985,NA,NA
10,"1985-86","TOR",NA,NA,NA,1986,NA,NA
11,"1986-87","TOR",NA,NA,NA,1987,NA,NA
12,"1987-88","TOR",NA,NA,NA,1988,NA,NA
13,"1988-89","TOR",NA,NA,NA,1989,NA,NA
14,"1989-90","TOR",NA,NA,NA,1990,NA,NA
15,"1990-91","TOR",NA,NA,NA,1991,NA,NA
16,"1991-92","TOR",NA,NA,NA,1992,NA,NA
17,"1992-93","TOR",NA,NA,NA,1993,NA,NA
18,"1993-94","TOR",NA,NA,NA,1994,NA,NA
19,"1994-95","TOR",NA,NA,NA,1995,NA,NA
20,"1995-96","TOR",21,0.25609756097561,27,1996,NA,NA
21,"1996-97","TOR",30,0.365853658536585,21,1997,9,0.428571428571428
22,"1997-98","TOR",16,0.195121951219512,28,1998,-14,-0.466666666666667
23,"1998-99","TOR",23,0.46,19,1999,7,1.3575
24,"1999-00","TOR",45,0.548780487804878,12,2000,22,0.193001060445387
25,"2000-01","TOR",47,0.573170731707317,12,2001,2,0.0444444444444443
26,"2001-02","TOR",42,0.51219512195122,15,2002,-5,-0.106382978723404
27,"2002-03","TOR",24,0.292682926829268,27,2003,-18,-0.428571428571429
28,"2003-04","TOR",33,0.402439024390244,22,2004,9,0.375
29,"2004-05","TOR",33,0.402439024390244,23,2005,0,0
30,"2005-06","TOR",27,0.329268292682927,26,2006,-6,-0.181818181818182
31,"2006-07","TOR",47,0.573170731707317,9,2007,20,0.74074074074074
32,"2007-08","TOR",41,0.5,15,2008,-6,-0.127659574468085
33,"2008-09","TOR",33,0.402439024390244,22,2009,-8,-0.195121951219512
34,"2009-10","TOR",40,0.48780487804878,18,2010,7,0.212121212121212
35,"2010-11","TOR",22,0.268292682926829,28,2011,-18,-0.45
36,"2011-12","TOR",23,0.348484848484849,23,2012,1,0.298898071625344
37,"2012-13","TOR",34,0.414634146341463,19,2013,11,0.189819724284199
38,"2013-14","TOR",48,0.585365853658537,11,2014,14,0.411764705882353
39,"2014-15","TOR",49,0.597560975609756,11,2015,1,0.0208333333333334
40,"2015-16","TOR",56,0.682926829268293,4,2016,7,0.142857142857143
1,"1976-77","UTA",35,0.426829268292683,17,1977,NA,NA
2,"1977-78","UTA",39,0.475609756097561,15,1978,4,0.114285714285714
3,"1978-79","UTA",26,0.317073170731707,22,1979,-13,-0.333333333333333
4,"1979-80","UTA",24,0.292682926829268,20,1980,-2,-0.076923076923077
5,"1980-81","UTA",28,0.341463414634146,19,1981,4,0.166666666666667
6,"1981-82","UTA",25,0.304878048780488,21,1982,-3,-0.107142857142857
7,"1982-83","UTA",30,0.365853658536585,17,1983,5,0.2
8,"1983-84","UTA",45,0.548780487804878,8,1984,15,0.5
9,"1984-85","UTA",41,0.5,11,1985,-4,-0.088888888888889
10,"1985-86","UTA",42,0.51219512195122,10,1986,1,0.024390243902439
11,"1986-87","UTA",44,0.536585365853659,9,1987,2,0.0476190476190477
12,"1987-88","UTA",47,0.573170731707317,9,1988,3,0.068181818181818
13,"1988-89","UTA",51,0.621951219512195,7,1989,4,0.0851063829787235
14,"1989-90","UTA",55,0.670731707317073,5,1990,4,0.0784313725490197
15,"1990-91","UTA",54,0.658536585365854,7,1991,-1,-0.0181818181818182
16,"1991-92","UTA",55,0.670731707317073,4,1992,1,0.0185185185185185
17,"1992-93","UTA",47,0.573170731707317,10,1993,-8,-0.145454545454546
18,"1993-94","UTA",53,0.646341463414634,8,1994,6,0.127659574468085
19,"1994-95","UTA",60,0.731707317073171,2,1995,7,0.132075471698113
20,"1995-96","UTA",55,0.670731707317073,5,1996,-5,-0.0833333333333333
21,"1996-97","UTA",64,0.780487804878049,2,1997,9,0.163636363636364
22,"1997-98","UTA",62,0.75609756097561,1,1998,-2,-0.03125
23,"1998-99","UTA",37,0.74,1,1999,-25,-0.0212903225806452
24,"1999-00","UTA",55,0.670731707317073,4,2000,18,-0.093605800922874
25,"2000-01","UTA",53,0.646341463414634,5,2001,-2,-0.0363636363636364
26,"2001-02","UTA",44,0.536585365853659,11,2002,-9,-0.169811320754717
27,"2002-03","UTA",47,0.573170731707317,11,2003,3,0.068181818181818
28,"2003-04","UTA",42,0.51219512195122,12,2004,-5,-0.106382978723404
29,"2004-05","UTA",26,0.317073170731707,27,2005,-16,-0.380952380952381
30,"2005-06","UTA",41,0.5,14,2006,15,0.576923076923077
31,"2006-07","UTA",51,0.621951219512195,6,2007,10,0.24390243902439
32,"2007-08","UTA",54,0.658536585365854,8,2008,3,0.0588235294117648
33,"2008-09","UTA",48,0.585365853658537,11,2009,-6,-0.111111111111111
34,"2009-10","UTA",53,0.646341463414634,6,2010,5,0.104166666666667
35,"2010-11","UTA",39,0.475609756097561,18,2011,-14,-0.264150943396226
36,"2011-12","UTA",36,0.545454545454545,13,2012,-3,0.146853146853147
37,"2012-13","UTA",43,0.524390243902439,15,2013,7,-0.0386178861788617
38,"2013-14","UTA",25,0.304878048780488,26,2014,-18,-0.418604651162791
39,"2014-15","UTA",38,0.463414634146341,18,2015,13,0.52
40,"2015-16","UTA",40,0.48780487804878,19,2016,2,0.0526315789473683
1,"1976-77","WAS",48,0.585365853658537,6,1977,NA,NA
2,"1977-78","WAS",44,0.536585365853659,8,1978,-4,-0.0833333333333332
3,"1978-79","WAS",54,0.658536585365854,1,1979,10,0.227272727272727
4,"1979-80","WAS",39,0.475609756097561,11,1980,-15,-0.277777777777778
5,"1980-81","WAS",39,0.475609756097561,13,1981,0,0
6,"1981-82","WAS",43,0.524390243902439,12,1982,4,0.102564102564103
7,"1982-83","WAS",42,0.51219512195122,14,1983,-1,-0.0232558139534884
8,"1983-84","WAS",35,0.426829268292683,18,1984,-7,-0.166666666666667
9,"1984-85","WAS",40,0.48780487804878,13,1985,5,0.142857142857143
10,"1985-86","WAS",39,0.475609756097561,12,1986,-1,-0.025
11,"1986-87","WAS",42,0.51219512195122,10,1987,3,0.076923076923077
12,"1987-88","WAS",38,0.463414634146341,14,1988,-4,-0.0952380952380952
13,"1988-89","WAS",40,0.48780487804878,16,1989,2,0.0526315789473683
14,"1989-90","WAS",31,0.378048780487805,20,1990,-9,-0.225
15,"1990-91","WAS",30,0.365853658536585,20,1991,-1,-0.0322580645161291
16,"1991-92","WAS",25,0.304878048780488,23,1992,-5,-0.166666666666667
17,"1992-93","WAS",22,0.268292682926829,25,1993,-3,-0.12
18,"1993-94","WAS",24,0.292682926829268,23,1994,2,0.0909090909090908
19,"1994-95","WAS",21,0.25609756097561,25,1995,-3,-0.125
20,"1995-96","WAS",39,0.475609756097561,17,1996,18,0.857142857142857
21,"1996-97","WAS",44,0.536585365853659,13,1997,5,0.128205128205128
22,"1997-98","WAS",42,0.51219512195122,16,1998,-2,-0.0454545454545455
23,"1998-99","WAS",18,0.36,24,1999,-24,-0.297142857142857
24,"1999-00","WAS",29,0.353658536585366,24,2000,11,-0.0176151761517615
25,"2000-01","WAS",19,0.231707317073171,27,2001,-10,-0.344827586206896
26,"2001-02","WAS",37,0.451219512195122,19,2002,18,0.947368421052632
27,"2002-03","WAS",37,0.451219512195122,20,2003,0,0
28,"2003-04","WAS",25,0.304878048780488,27,2004,-12,-0.324324324324324
29,"2004-05","WAS",45,0.548780487804878,11,2005,20,0.8
30,"2005-06","WAS",42,0.51219512195122,13,2006,-3,-0.0666666666666667
31,"2006-07","WAS",41,0.5,14,2007,-1,-0.0238095238095238
32,"2007-08","WAS",43,0.524390243902439,14,2008,2,0.0487804878048781
33,"2008-09","WAS",19,0.231707317073171,28,2009,-24,-0.558139534883721
34,"2009-10","WAS",26,0.317073170731707,26,2010,7,0.368421052631579
35,"2010-11","WAS",23,0.280487804878049,27,2011,-3,-0.115384615384615
36,"2011-12","WAS",20,0.303030303030303,29,2012,-3,0.0803689064558629
37,"2012-13","WAS",29,0.353658536585366,23,2013,9,0.167073170731707
38,"2013-14","WAS",44,0.536585365853659,14,2014,15,0.517241379310345
39,"2014-15","WAS",46,0.560975609756098,12,2015,2,0.0454545454545455
40,"2015-16","WAS",41,0.5,17,2016,-5,-0.108695652173913
